"","date","temperature","dewpoint_temperature","soil_temperature_level_1"
"1",2014-01-01,286.022674560547,263.124298095703,283.396026611328
"2",2014-01-02,287.835510253906,266.536163330078,285.394989013672
"3",2014-01-03,288.092010498047,268.209014892578,285.668762207031
"4",2014-01-04,287.996215820312,267.447357177734,285.978912353516
"5",2014-01-05,286.102142333984,264.183227539062,285.679351806641
"6",2014-01-06,283.89599609375,255.563232421875,284.013916015625
"7",2014-01-07,285.252044677734,259.559967041016,283.477935791016
"8",2014-01-08,285.544036865234,261.616668701172,283.399139404297
"9",2014-01-09,285.437622070312,264.875213623047,284.014312744141
"10",2014-01-10,286.207122802734,267.242767333984,283.759918212891
"11",2014-01-11,287.440460205078,270.179870605469,284.539703369141
"12",2014-01-12,287.475555419922,272.201202392578,286.165985107422
"13",2014-01-13,286.974517822266,264.423675537109,286.654541015625
"14",2014-01-14,287.130157470703,267.5625,286.672790527344
"15",2014-01-15,288.699829101562,266.636413574219,287.26318359375
"16",2014-01-16,289.229858398438,266.299102783203,286.944061279297
"17",2014-01-17,288.471374511719,264.019012451172,287.253173828125
"18",2014-01-18,290.035491943359,263.040985107422,286.582183837891
"19",2014-01-19,289.008148193359,264.679931640625,286.11767578125
"20",2014-01-20,289.095367431641,265.427612304688,285.844085693359
"21",2014-01-21,289.746246337891,264.515258789062,286.609252929688
"22",2014-01-22,290.694580078125,265.240478515625,288.816558837891
"23",2014-01-23,289.471099853516,264.021728515625,286.085601806641
"24",2014-01-24,289.211029052734,266.885406494141,288.817596435547
"25",2014-01-25,291.137847900391,267.191497802734,290.949401855469
"26",2014-01-26,289.587585449219,264.809844970703,287.445953369141
"27",2014-01-27,290.377655029297,270.508209228516,291.011291503906
"28",2014-01-28,289.828948974609,267.620574951172,287.437591552734
"29",2014-01-29,289.664154052734,268.873443603516,288.307220458984
"30",2014-01-30,291.123016357422,270.848541259766,290.209197998047
"31",2014-01-31,291.686248779297,277.420349121094,292.206146240234
"32",2014-02-01,286.293548583984,270.274353027344,288.060699462891
"33",2014-02-02,283.148956298828,263.258209228516,284.620025634766
"34",2014-02-03,284.569244384766,260.681030273438,286.307037353516
"35",2014-02-04,284.252227783203,270.178924560547,285.815399169922
"36",2014-02-05,287.621520996094,270.063385009766,289.367950439453
"37",2014-02-06,286.237213134766,270.059600830078,286.633392333984
"38",2014-02-07,287.089660644531,276.351013183594,288.575042724609
"39",2014-02-08,288.581207275391,275.157653808594,289.661346435547
"40",2014-02-09,290.163909912109,272.847717285156,291.093597412109
"41",2014-02-10,292.293243408203,274.638153076172,292.453826904297
"42",2014-02-11,291.94970703125,272.501495361328,292.247955322266
"43",2014-02-12,290.008941650391,267.091278076172,290.586151123047
"44",2014-02-13,293.191864013672,265.968536376953,291.043853759766
"45",2014-02-14,293.771606445312,269.489929199219,291.652069091797
"46",2014-02-15,293.142303466797,269.090301513672,292.180847167969
"47",2014-02-16,294.475006103516,267.474456787109,293.637908935547
"48",2014-02-17,293.993988037109,268.512512207031,292.392913818359
"49",2014-02-18,293.863372802734,269.567047119141,294.087890625
"50",2014-02-19,294.578460693359,270.489959716797,293.602813720703
"51",2014-02-20,292.623596191406,264.143341064453,293.318695068359
"52",2014-02-21,289.962158203125,260.721649169922,290.647888183594
"53",2014-02-22,290.207366943359,263.931915283203,290.19873046875
"54",2014-02-23,291.396301269531,265.048614501953,291.477752685547
"55",2014-02-24,291.807708740234,268.961791992188,292.967407226562
"56",2014-02-25,292.390167236328,271.257965087891,293.368621826172
"57",2014-02-26,292.311706542969,274.633026123047,294.055206298828
"58",2014-02-27,293.332855224609,278.335052490234,294.884826660156
"59",2014-02-28,294.230560302734,277.776153564453,295.095062255859
"60",2014-03-01,292.064361572266,280.631469726562,294.597747802734
"61",2014-03-02,288.212677001953,279.122680664062,291.368194580078
"62",2014-03-03,291.105865478516,277.563995361328,292.759521484375
"63",2014-03-04,293.725708007812,274.494232177734,294.461700439453
"64",2014-03-05,294.006164550781,273.704132080078,295.427764892578
"65",2014-03-06,295.612213134766,271.737701416016,296.981964111328
"66",2014-03-07,296.728424072266,267.110900878906,298.215301513672
"67",2014-03-08,294.8017578125,261.102996826172,296.486511230469
"68",2014-03-09,295.363861083984,258.626129150391,296.990173339844
"69",2014-03-10,294.95849609375,259.2841796875,295.66015625
"70",2014-03-11,294.745819091797,263.163116455078,296.602874755859
"71",2014-03-12,291.3818359375,262.550933837891,294.290374755859
"72",2014-03-13,293.643585205078,261.854461669922,294.990600585938
"73",2014-03-14,294.669830322266,267.434783935547,296.938354492188
"74",2014-03-15,295.220062255859,262.570678710938,294.893646240234
"75",2014-03-16,295.263702392578,259.420043945312,296.664947509766
"76",2014-03-17,295.31005859375,259.824188232422,295.816375732422
"77",2014-03-18,294.917907714844,261.688415527344,297.192565917969
"78",2014-03-19,290.527160644531,257.960876464844,293.343902587891
"79",2014-03-20,293.159759521484,257.496307373047,293.329772949219
"80",2014-03-21,293.829559326172,260.818389892578,295.090606689453
"81",2014-03-22,294.661285400391,270.765045166016,297.512939453125
"82",2014-03-23,295.290435791016,273.487854003906,297.981414794922
"83",2014-03-24,297.176635742188,268.823211669922,299.009613037109
"84",2014-03-25,297.72802734375,268.964019775391,299.606292724609
"85",2014-03-26,295.652435302734,275.559234619141,299.176971435547
"86",2014-03-27,290.880218505859,276.523559570312,295.870147705078
"87",2014-03-28,291.606475830078,274.560485839844,296.098846435547
"88",2014-03-29,294.04150390625,269.412841796875,296.820129394531
"89",2014-03-30,296.949432373047,271.088439941406,299.855255126953
"90",2014-03-31,293.7958984375,258.665344238281,295.874847412109
"91",2014-04-01,292.827941894531,270.700897216797,296.600830078125
"92",2014-04-02,288.874481201172,272.298217773438,293.316284179688
"93",2014-04-03,288.057159423828,270.160919189453,292.492492675781
"94",2014-04-04,291.616729736328,265.610015869141,294.495666503906
"95",2014-04-05,293.016357421875,266.704498291016,296.899444580078
"96",2014-04-06,294.073577880859,267.724670410156,296.018402099609
"97",2014-04-07,297.052856445312,267.298248291016,297.985015869141
"98",2014-04-08,299.877471923828,266.24755859375,299.880859375
"99",2014-04-09,300.177825927734,263.045257568359,300.951690673828
"100",2014-04-10,301.270599365234,261.094940185547,302.755340576172
"101",2014-04-11,301.972900390625,264.084564208984,303.774597167969
"102",2014-04-12,300.213562011719,264.416900634766,303.647979736328
"103",2014-04-13,297.474212646484,273.563507080078,301.788757324219
"104",2014-04-14,297.519866943359,263.333160400391,301.009704589844
"105",2014-04-15,296.843566894531,261.974517822266,298.776550292969
"106",2014-04-16,298.164215087891,266.341827392578,300.886627197266
"107",2014-04-17,299.593872070312,270.446563720703,302.613647460938
"108",2014-04-18,298.437347412109,274.872039794922,301.552276611328
"109",2014-04-19,297.125579833984,279.398559570312,301.365020751953
"110",2014-04-20,299.471832275391,276.517181396484,303.066162109375
"111",2014-04-21,301.661499023438,277.073455810547,305.176116943359
"112",2014-04-22,302.207092285156,272.939300537109,305.174133300781
"113",2014-04-23,296.960418701172,265.028717041016,301.138305664062
"114",2014-04-24,297.124359130859,263.618347167969,299.902618408203
"115",2014-04-25,298.743560791016,270.456146240234,302.101226806641
"116",2014-04-26,294.338806152344,273.800506591797,299.936492919922
"117",2014-04-27,292.180023193359,273.617584228516,297.412933349609
"118",2014-04-28,295.782653808594,269.498596191406,299.785308837891
"119",2014-04-29,298.017059326172,264.466064453125,300.885345458984
"120",2014-04-30,298.182037353516,261.007934570312,300.937622070312
"121",2014-05-01,299.003234863281,263.367218017578,302.095672607422
"122",2014-05-02,300.243835449219,261.085235595703,302.852325439453
"123",2014-05-03,303.304107666016,264.250152587891,305.267364501953
"124",2014-05-04,303.812530517578,265.591888427734,306.070922851562
"125",2014-05-05,302.676300048828,266.453826904297,305.600921630859
"126",2014-05-06,297.302368164062,272.705230712891,302.414794921875
"127",2014-05-07,292.314849853516,275.105072021484,297.961547851562
"128",2014-05-08,295.278167724609,276.811798095703,300.331634521484
"129",2014-05-09,298.204284667969,273.090118408203,302.140472412109
"130",2014-05-10,299.793121337891,277.354461669922,303.681640625
"131",2014-05-11,297.656890869141,269.752258300781,302.436492919922
"132",2014-05-12,296.117034912109,265.720855712891,299.018249511719
"133",2014-05-13,298.830596923828,265.530548095703,301.805999755859
"134",2014-05-14,300.580963134766,261.291015625,303.555755615234
"135",2014-05-15,302.523315429688,264.102355957031,304.668243408203
"136",2014-05-16,304.850280761719,266.209259033203,306.896301269531
"137",2014-05-17,305.901580810547,267.961120605469,308.770782470703
"138",2014-05-18,305.438110351562,268.329681396484,308.636474609375
"139",2014-05-19,302.93359375,270.510833740234,307.108489990234
"140",2014-05-20,299.416229248047,271.04052734375,304.549468994141
"141",2014-05-21,295.807983398438,273.923461914062,302.111328125
"142",2014-05-22,297.586639404297,275.182403564453,303.327789306641
"143",2014-05-23,298.804443359375,276.680755615234,304.094848632812
"144",2014-05-24,300.126678466797,276.508880615234,304.790496826172
"145",2014-05-25,302.846618652344,279.249176025391,307.938323974609
"146",2014-05-26,305.407196044922,279.205780029297,309.200958251953
"147",2014-05-27,307.572662353516,277.981506347656,311.190551757812
"148",2014-05-28,306.936614990234,275.548797607422,310.434906005859
"149",2014-05-29,306.961181640625,276.787933349609,311.035736083984
"150",2014-05-30,306.004302978516,274.502288818359,310.568908691406
"151",2014-05-31,307.209228515625,274.004669189453,310.843231201172
"152",2014-06-01,306.002288818359,267.160766601562,310.218414306641
"153",2014-06-02,305.972198486328,265.785888671875,309.105346679688
"154",2014-06-03,306.455932617188,264.983917236328,310.576080322266
"155",2014-06-04,305.293365478516,263.944885253906,308.745941162109
"156",2014-06-05,305.177001953125,263.567291259766,308.879638671875
"157",2014-06-06,306.496337890625,271.109008789062,310.491943359375
"158",2014-06-07,306.17431640625,272.089447021484,310.496734619141
"159",2014-06-08,306.046356201172,269.498992919922,310.012451171875
"160",2014-06-09,307.543487548828,276.485382080078,311.901397705078
"161",2014-06-10,308.423583984375,276.154632568359,312.681304931641
"162",2014-06-11,306.859466552734,272.143218994141,311.152801513672
"163",2014-06-12,306.90625,265.988037109375,310.368896484375
"164",2014-06-13,308.390594482422,269.529998779297,311.630493164062
"165",2014-06-14,305.447296142578,269.034393310547,310.217895507812
"166",2014-06-15,304.682464599609,268.043731689453,308.728881835938
"167",2014-06-16,304.378204345703,266.527160644531,307.597991943359
"168",2014-06-17,304.925354003906,269.075378417969,308.232330322266
"169",2014-06-18,302.57958984375,274.549133300781,308.026550292969
"170",2014-06-19,304.109497070312,272.859832763672,309.333038330078
"171",2014-06-20,306.709197998047,275.057373046875,311.411376953125
"172",2014-06-21,308.425384521484,277.493927001953,312.516632080078
"173",2014-06-22,308.200164794922,274.038238525391,312.256988525391
"174",2014-06-23,306.908935546875,268.859344482422,310.667602539062
"175",2014-06-24,307.115478515625,272.344146728516,310.976318359375
"176",2014-06-25,307.653442382812,273.351715087891,311.717926025391
"177",2014-06-26,307.718536376953,277.473175048828,311.605651855469
"178",2014-06-27,306.041534423828,279.117553710938,311.301055908203
"179",2014-06-28,307.620697021484,280.874603271484,312.240997314453
"180",2014-06-29,307.946075439453,281.142120361328,312.861938476562
"181",2014-06-30,308.581787109375,283.291748046875,314.000946044922
"182",2014-07-01,309.825439453125,280.657104492188,314.939605712891
"183",2014-07-02,309.894714355469,278.63916015625,314.662841796875
"184",2014-07-03,309.581695556641,283.173583984375,314.360015869141
"185",2014-07-04,306.000396728516,290.939727783203,311.615020751953
"186",2014-07-05,305.789367675781,292.936584472656,311.972442626953
"187",2014-07-06,307.312530517578,291.922576904297,312.579010009766
"188",2014-07-07,308.495819091797,289.882537841797,314.158447265625
"189",2014-07-08,309.473480224609,288.943115234375,314.843963623047
"190",2014-07-09,307.132202148438,289.550384521484,312.792877197266
"191",2014-07-10,307.577178955078,290.046997070312,313.505462646484
"192",2014-07-11,308.084106445312,277.606292724609,312.875274658203
"193",2014-07-12,308.115386962891,277.662567138672,312.839080810547
"194",2014-07-13,310.696319580078,279.212127685547,315.525604248047
"195",2014-07-14,307.847900390625,290.125854492188,314.614135742188
"196",2014-07-15,306.407348632812,288.701385498047,313.075439453125
"197",2014-07-16,308.413421630859,280.856567382812,313.424163818359
"198",2014-07-17,308.166168212891,274.742340087891,312.931701660156
"199",2014-07-18,308.059265136719,277.420257568359,312.904449462891
"200",2014-07-19,308.325531005859,281.771820068359,314.041778564453
"201",2014-07-20,307.221649169922,280.021148681641,312.112945556641
"202",2014-07-21,307.5595703125,278.563323974609,312.297088623047
"203",2014-07-22,308.596466064453,275.458770751953,312.958648681641
"204",2014-07-23,311.459259033203,274.482360839844,315.465179443359
"205",2014-07-24,312.837493896484,280.0751953125,316.433746337891
"206",2014-07-25,311.262420654297,288.169311523438,316.732818603516
"207",2014-07-26,307.643035888672,290.599273681641,312.884399414062
"208",2014-07-27,308.181610107422,289.35888671875,313.039398193359
"209",2014-07-28,308.713043212891,289.091766357422,313.747436523438
"210",2014-07-29,308.972595214844,285.292114257812,314.221618652344
"211",2014-07-30,310.811004638672,283.112426757812,315.738677978516
"212",2014-07-31,311.479675292969,285.458343505859,315.893188476562
"213",2014-08-01,309.469696044922,289.317840576172,314.364990234375
"214",2014-08-02,306.6044921875,290.124450683594,311.240631103516
"215",2014-08-03,302.972900390625,292.806396484375,308.372833251953
"216",2014-08-04,299.969024658203,294.174285888672,306.118377685547
"217",2014-08-05,303.574188232422,289.427490234375,305.926635742188
"218",2014-08-06,305.096343994141,278.619750976562,306.974365234375
"219",2014-08-07,305.1728515625,273.947906494141,307.623077392578
"220",2014-08-08,306.404510498047,277.725006103516,310.311065673828
"221",2014-08-09,307.217590332031,281.196441650391,311.995941162109
"222",2014-08-10,307.906280517578,286.733520507812,313.166595458984
"223",2014-08-11,308.354614257812,288.745239257812,313.652130126953
"224",2014-08-12,306.770538330078,291.642578125,312.281127929688
"225",2014-08-13,301.880645751953,295.242218017578,306.552795410156
"226",2014-08-14,304.773071289062,295.115875244141,307.610015869141
"227",2014-08-15,306.661407470703,291.53466796875,309.982330322266
"228",2014-08-16,308.347625732422,289.464569091797,311.932434082031
"229",2014-08-17,309.693328857422,286.873107910156,313.766082763672
"230",2014-08-18,307.368041992188,290.795471191406,312.904052734375
"231",2014-08-19,304.696624755859,292.999603271484,310.181732177734
"232",2014-08-20,304.469573974609,284.638000488281,307.968109130859
"233",2014-08-21,304.084075927734,288.660675048828,308.095825195312
"234",2014-08-22,300.212036132812,290.032531738281,304.071228027344
"235",2014-08-23,304.738647460938,285.205108642578,308.222778320312
"236",2014-08-24,305.932495117188,279.808502197266,309.755462646484
"237",2014-08-25,307.279022216797,287.558563232422,311.028686523438
"238",2014-08-26,306.080932617188,288.809143066406,310.298553466797
"239",2014-08-27,306.580291748047,286.521148681641,311.425323486328
"240",2014-08-28,307.837554931641,278.076690673828,310.259033203125
"241",2014-08-29,308.937591552734,275.020843505859,311.379608154297
"242",2014-08-30,308.902221679688,276.604888916016,311.604644775391
"243",2014-08-31,309.269683837891,281.506439208984,312.299438476562
"244",2014-09-01,308.186248779297,283.174957275391,311.648406982422
"245",2014-09-02,307.950714111328,280.007904052734,311.600982666016
"246",2014-09-03,308.294677734375,280.694732666016,312.138519287109
"247",2014-09-04,308.130828857422,281.113067626953,311.798248291016
"248",2014-09-05,306.280303955078,292.193756103516,310.612823486328
"249",2014-09-06,306.158233642578,292.937652587891,311.803802490234
"250",2014-09-07,305.02294921875,294.001586914062,310.561950683594
"251",2014-09-08,302.430694580078,296.634887695312,305.686492919922
"252",2014-09-09,301.896270751953,296.045166015625,303.943267822266
"253",2014-09-10,301.794311523438,294.851440429688,303.706573486328
"254",2014-09-11,303.756591796875,291.753753662109,304.544769287109
"255",2014-09-12,305.866333007812,289.551818847656,306.121917724609
"256",2014-09-13,306.966918945312,284.75537109375,308.497711181641
"257",2014-09-14,308.187957763672,285.571563720703,311.151214599609
"258",2014-09-15,308.246917724609,285.424682617188,311.678924560547
"259",2014-09-16,307.419708251953,291.527496337891,312.753448486328
"260",2014-09-17,304.108978271484,292.602325439453,308.693023681641
"261",2014-09-18,305.645233154297,290.170928955078,310.229949951172
"262",2014-09-19,306.196624755859,279.584838867188,310.078765869141
"263",2014-09-20,305.458831787109,285.405151367188,309.64306640625
"264",2014-09-21,304.168579101562,289.297760009766,307.851684570312
"265",2014-09-22,304.136505126953,278.502807617188,306.950103759766
"266",2014-09-23,304.448364257812,280.534942626953,307.498565673828
"267",2014-09-24,305.604156494141,278.585662841797,307.297882080078
"268",2014-09-25,305.560394287109,278.652984619141,307.979461669922
"269",2014-09-26,306.338195800781,293.007537841797,310.161102294922
"270",2014-09-27,302.965179443359,288.010589599609,306.731567382812
"271",2014-09-28,297.659576416016,276.213806152344,301.413452148438
"272",2014-09-29,298.140289306641,273.761596679688,302.089569091797
"273",2014-09-30,299.764434814453,276.331756591797,303.068634033203
"274",2014-10-01,300.321044921875,275.582702636719,304.529632568359
"275",2014-10-02,300.308380126953,273.501922607422,304.068969726562
"276",2014-10-03,299.6552734375,267.177429199219,301.860137939453
"277",2014-10-04,303.420745849609,262.755706787109,303.332733154297
"278",2014-10-05,303.400146484375,267.238494873047,303.375335693359
"279",2014-10-06,302.406219482422,267.057586669922,302.909271240234
"280",2014-10-07,300.867767333984,275.010467529297,302.081634521484
"281",2014-10-08,298.130706787109,285.575592041016,301.446044921875
"282",2014-10-09,297.382385253906,285.333679199219,301.834777832031
"283",2014-10-10,300.214477539062,286.445983886719,303.598846435547
"284",2014-10-11,301.389068603516,286.111083984375,304.514739990234
"285",2014-10-12,301.885009765625,279.985198974609,303.990295410156
"286",2014-10-13,299.932922363281,264.297027587891,302.458129882812
"287",2014-10-14,299.236297607422,263.910583496094,299.488403320312
"288",2014-10-15,299.136138916016,268.028472900391,300.834136962891
"289",2014-10-16,298.215057373047,275.806549072266,300.69091796875
"290",2014-10-17,299.753875732422,277.485809326172,302.218780517578
"291",2014-10-18,300.335357666016,280.394317626953,302.855010986328
"292",2014-10-19,301.285614013672,279.182342529297,303.012420654297
"293",2014-10-20,299.837921142578,281.354919433594,302.912109375
"294",2014-10-21,300.789642333984,282.282501220703,303.473846435547
"295",2014-10-22,299.987182617188,280.067474365234,301.794891357422
"296",2014-10-23,300.322418212891,278.579803466797,301.121307373047
"297",2014-10-24,299.912536621094,277.913787841797,301.438232421875
"298",2014-10-25,300.988616943359,277.604064941406,302.599029541016
"299",2014-10-26,299.791412353516,282.146087646484,302.029846191406
"300",2014-10-27,297.192230224609,276.616180419922,299.444519042969
"301",2014-10-28,296.416564941406,273.193817138672,296.859161376953
"302",2014-10-29,296.984161376953,271.732330322266,296.591918945312
"303",2014-10-30,297.999603271484,273.113159179688,296.923126220703
"304",2014-10-31,297.595550537109,275.322570800781,298.021514892578
"305",2014-11-01,296.278961181641,281.929107666016,299.073638916016
"306",2014-11-02,291.172302246094,275.633148193359,294.865081787109
"307",2014-11-03,290.196563720703,271.60205078125,291.562744140625
"308",2014-11-04,291.192474365234,268.700042724609,292.727325439453
"309",2014-11-05,291.713348388672,268.045013427734,293.067596435547
"310",2014-11-06,294.722625732422,266.264282226562,293.768859863281
"311",2014-11-07,293.991851806641,269.362396240234,294.598114013672
"312",2014-11-08,295.584320068359,270.253204345703,294.330230712891
"313",2014-11-09,295.327423095703,271.882232666016,295.120208740234
"314",2014-11-10,294.971405029297,272.485687255859,295.098602294922
"315",2014-11-11,294.128875732422,280.032104492188,295.019683837891
"316",2014-11-12,294.179840087891,281.203948974609,296.126617431641
"317",2014-11-13,292.752899169922,278.672271728516,294.262847900391
"318",2014-11-14,293.094390869141,284.319305419922,294.765258789062
"319",2014-11-15,291.315765380859,280.673767089844,292.451904296875
"320",2014-11-16,290.887084960938,269.107818603516,293.163269042969
"321",2014-11-17,284.44287109375,259.153533935547,286.500793457031
"322",2014-11-18,285.842071533203,261.584320068359,285.875671386719
"323",2014-11-19,287.554412841797,260.240325927734,286.676666259766
"324",2014-11-20,288.304260253906,262.257476806641,286.925872802734
"325",2014-11-21,289.651336669922,266.626770019531,290.500122070312
"326",2014-11-22,290.349090576172,271.496002197266,288.831146240234
"327",2014-11-23,290.503295898438,268.821807861328,290.612670898438
"328",2014-11-24,287.294830322266,262.381561279297,288.014770507812
"329",2014-11-25,286.693054199219,261.133697509766,287.50341796875
"330",2014-11-26,288.063903808594,260.846405029297,286.614959716797
"331",2014-11-27,290.626190185547,268.643463134766,288.107269287109
"332",2014-11-28,291.784393310547,268.648406982422,289.042114257812
"333",2014-11-29,290.163940429688,268.581207275391,288.921844482422
"334",2014-11-30,291.317230224609,274.476043701172,291.428161621094
"335",2014-12-01,289.600616455078,277.001647949219,289.834136962891
"336",2014-12-02,289.805877685547,277.192321777344,290.223937988281
"337",2014-12-03,289.495971679688,280.409149169922,290.547912597656
"338",2014-12-04,289.119537353516,286.42626953125,291.042144775391
"339",2014-12-05,289.766357421875,286.117095947266,290.406646728516
"340",2014-12-06,291.285247802734,285.462738037109,291.571258544922
"341",2014-12-07,290.715728759766,283.146545410156,289.907989501953
"342",2014-12-08,290.639251708984,282.865234375,289.786956787109
"343",2014-12-09,290.916595458984,281.217620849609,290.499847412109
"344",2014-12-10,290.606292724609,278.458343505859,289.158294677734
"345",2014-12-11,289.430908203125,280.712280273438,289.166778564453
"346",2014-12-12,290.468048095703,281.276123046875,289.93212890625
"347",2014-12-13,287.04052734375,280.019165039062,289.353851318359
"348",2014-12-14,285.767669677734,275.069732666016,286.313537597656
"349",2014-12-15,285.477172851562,272.456634521484,284.968841552734
"350",2014-12-16,285.441680908203,273.290344238281,285.736297607422
"351",2014-12-17,285.744171142578,277.121185302734,287.557769775391
"352",2014-12-18,285.826324462891,279.940887451172,287.079803466797
"353",2014-12-19,285.354919433594,276.900115966797,285.480010986328
"354",2014-12-20,285.752410888672,276.965728759766,285.440582275391
"355",2014-12-21,285.614349365234,276.349731445312,285.532531738281
"356",2014-12-22,287.526275634766,276.216400146484,286.718872070312
"357",2014-12-23,291.374664306641,270.768218994141,290.178741455078
"358",2014-12-24,286.528747558594,258.789520263672,287.624908447266
"359",2014-12-25,287.120239257812,260.385101318359,287.632476806641
"360",2014-12-26,282.440093994141,259.924468994141,283.539581298828
"361",2014-12-27,281.740142822266,260.253936767578,282.712554931641
"362",2014-12-28,280.882232666016,259.042663574219,280.571624755859
"363",2014-12-29,280.279266357422,260.256378173828,279.852416992188
"364",2014-12-30,280.913543701172,261.702178955078,280.920623779297
"365",2014-12-31,280.380859375,263.143280029297,283.516387939453
"366",2015-01-01,276.790802001953,267.364471435547,278.258850097656
"367",2015-01-02,278.176818847656,265.609436035156,278.153533935547
"368",2015-01-03,280.671264648438,264.513092041016,279.336822509766
"369",2015-01-04,281.527770996094,264.196960449219,280.694274902344
"370",2015-01-05,284.867065429688,266.287750244141,283.467590332031
"371",2015-01-06,287.160858154297,266.573516845703,285.281005859375
"372",2015-01-07,288.663238525391,269.110809326172,286.501037597656
"373",2015-01-08,290.911712646484,273.357666015625,289.534759521484
"374",2015-01-09,289.009460449219,276.308135986328,289.183807373047
"375",2015-01-10,290.853302001953,276.924346923828,291.171813964844
"376",2015-01-11,288.848999023438,280.027069091797,290.124938964844
"377",2015-01-12,289.698516845703,286.184539794922,291.793975830078
"378",2015-01-13,288.774200439453,281.518341064453,289.174926757812
"379",2015-01-14,286.064666748047,273.636474609375,286.535736083984
"380",2015-01-15,287.011138916016,273.960205078125,285.946472167969
"381",2015-01-16,287.573883056641,271.976226806641,287.026275634766
"382",2015-01-17,288.966247558594,269.650970458984,287.212432861328
"383",2015-01-18,289.058502197266,269.013336181641,286.643707275391
"384",2015-01-19,289.282043457031,270.930786132812,286.268524169922
"385",2015-01-20,289.480865478516,272.249145507812,286.856719970703
"386",2015-01-21,289.505340576172,273.677734375,289.017028808594
"387",2015-01-22,287.578308105469,262.081848144531,288.31787109375
"388",2015-01-23,283.797027587891,260.631378173828,284.732330322266
"389",2015-01-24,286.286437988281,261.953826904297,285.03955078125
"390",2015-01-25,288.058624267578,266.828521728516,287.731323242188
"391",2015-01-26,288.774047851562,268.547119140625,288.535003662109
"392",2015-01-27,287.058013916016,283.020660400391,288.664733886719
"393",2015-01-28,289.317230224609,283.706146240234,289.067779541016
"394",2015-01-29,289.775360107422,282.386505126953,288.846252441406
"395",2015-01-30,288.595825195312,285.264587402344,289.346893310547
"396",2015-01-31,286.915649414062,282.306701660156,287.016998291016
"397",2015-02-01,288.078765869141,281.427795410156,286.861846923828
"398",2015-02-02,288.976745605469,279.223968505859,286.244598388672
"399",2015-02-03,288.823028564453,278.591156005859,286.53076171875
"400",2015-02-04,290.034759521484,279.163116455078,287.096710205078
"401",2015-02-05,289.983520507812,279.92724609375,287.909393310547
"402",2015-02-06,291.516571044922,278.884948730469,289.407440185547
"403",2015-02-07,292.002044677734,277.266357421875,291.508911132812
"404",2015-02-08,293.784088134766,272.225219726562,293.041168212891
"405",2015-02-09,295.275970458984,276.225708007812,294.749114990234
"406",2015-02-10,295.296112060547,276.171905517578,294.451049804688
"407",2015-02-11,293.314361572266,266.828216552734,293.509490966797
"408",2015-02-12,293.448181152344,267.972808837891,294.313262939453
"409",2015-02-13,293.613983154297,270.355194091797,293.874206542969
"410",2015-02-14,294.176879882812,271.106201171875,293.860748291016
"411",2015-02-15,294.169891357422,272.330047607422,294.484527587891
"412",2015-02-16,292.308624267578,279.796630859375,293.87353515625
"413",2015-02-17,293.073760986328,277.134124755859,294.448181152344
"414",2015-02-18,291.596832275391,265.534790039062,291.313385009766
"415",2015-02-19,292.140380859375,270.843872070312,291.547821044922
"416",2015-02-20,292.454772949219,273.555389404297,292.669097900391
"417",2015-02-21,292.247955322266,274.073822021484,292.95166015625
"418",2015-02-22,292.021362304688,277.309967041016,294.5927734375
"419",2015-02-23,289.784942626953,279.371337890625,293.335845947266
"420",2015-02-24,286.659332275391,272.00439453125,289.209747314453
"421",2015-02-25,288.062591552734,267.504974365234,288.280426025391
"422",2015-02-26,291.476867675781,266.366394042969,291.352386474609
"423",2015-02-27,291.708129882812,268.437042236328,293.414001464844
"424",2015-02-28,291.977600097656,277.031829833984,294.470184326172
"425",2015-03-01,288.191833496094,277.983367919922,290.559661865234
"426",2015-03-02,285.899505615234,280.949676513672,289.099517822266
"427",2015-03-03,285.066955566406,280.332244873047,287.731048583984
"428",2015-03-04,286.747985839844,276.461547851562,287.529479980469
"429",2015-03-05,287.033355712891,273.504119873047,287.414520263672
"430",2015-03-06,288.769165039062,273.357391357422,288.955902099609
"431",2015-03-07,291.445953369141,273.5361328125,292.426635742188
"432",2015-03-08,294.716674804688,268.044525146484,294.348937988281
"433",2015-03-09,295.077239990234,264.161712646484,295.382019042969
"434",2015-03-10,295.103302001953,268.028350830078,296.288482666016
"435",2015-03-11,295.789123535156,265.824951171875,296.254943847656
"436",2015-03-12,299.213470458984,267.305938720703,300.401275634766
"437",2015-03-13,297.725036621094,271.924896240234,299.736297607422
"438",2015-03-14,298.475708007812,271.734375,300.539459228516
"439",2015-03-15,299.168823242188,271.415679931641,301.135345458984
"440",2015-03-16,298.247375488281,270.015655517578,300.201354980469
"441",2015-03-17,298.541595458984,269.960418701172,300.030822753906
"442",2015-03-18,298.2177734375,277.289886474609,300.45751953125
"443",2015-03-19,294.164398193359,280.189727783203,297.656677246094
"444",2015-03-20,292.914642333984,283.020050048828,296.214141845703
"445",2015-03-21,296.486694335938,278.135101318359,299.465362548828
"446",2015-03-22,297.805328369141,271.386474609375,300.169525146484
"447",2015-03-23,296.640289306641,271.594024658203,299.970703125
"448",2015-03-24,296.088958740234,270.445159912109,298.431976318359
"449",2015-03-25,296.742950439453,271.759246826172,298.398101806641
"450",2015-03-26,296.809509277344,269.474548339844,299.557739257812
"451",2015-03-27,298.909362792969,267.792510986328,300.44287109375
"452",2015-03-28,300.085418701172,269.622039794922,301.655242919922
"453",2015-03-29,300.746856689453,268.189544677734,302.790771484375
"454",2015-03-30,300.923309326172,270.099243164062,303.617645263672
"455",2015-03-31,300.864349365234,273.950744628906,303.334411621094
"456",2015-04-01,299.277618408203,269.63525390625,302.954803466797
"457",2015-04-02,297.448272705078,269.117706298828,301.341278076172
"458",2015-04-03,294.605499267578,262.799255371094,298.228912353516
"459",2015-04-04,295.697204589844,257.075653076172,298.335083007812
"460",2015-04-05,297.621948242188,263.691375732422,300.859527587891
"461",2015-04-06,294.274536132812,268.338348388672,298.398986816406
"462",2015-04-07,292.106109619141,270.821960449219,296.632934570312
"463",2015-04-08,291.853118896484,271.703186035156,296.699035644531
"464",2015-04-09,292.029693603516,264.026885986328,295.164886474609
"465",2015-04-10,294.131988525391,262.073150634766,297.671234130859
"466",2015-04-11,296.32177734375,270.341247558594,300.375946044922
"467",2015-04-12,296.945526123047,274.455047607422,301.284027099609
"468",2015-04-13,298.266693115234,275.598083496094,302.076568603516
"469",2015-04-14,300.365814208984,273.155914306641,303.556091308594
"470",2015-04-15,295.190704345703,258.779693603516,299.552642822266
"471",2015-04-16,291.175598144531,259.736663818359,294.732849121094
"472",2015-04-17,293.554656982422,264.512176513672,296.252105712891
"473",2015-04-18,297.213226318359,262.968048095703,300.213958740234
"474",2015-04-19,299.516540527344,268.549072265625,303.234069824219
"475",2015-04-20,300.023773193359,268.045471191406,303.824279785156
"476",2015-04-21,298.29248046875,270.762542724609,302.728302001953
"477",2015-04-22,296.925476074219,276.200744628906,302.009124755859
"478",2015-04-23,295.751708984375,276.275299072266,301.040863037109
"479",2015-04-24,294.655975341797,279.5888671875,300.017120361328
"480",2015-04-25,294.146545410156,279.760284423828,298.871917724609
"481",2015-04-26,292.388214111328,276.899200439453,296.731689453125
"482",2015-04-27,296.089263916016,267.215911865234,299.008117675781
"483",2015-04-28,300.814971923828,266.651184082031,303.225860595703
"484",2015-04-29,302.719909667969,272.364349365234,306.488494873047
"485",2015-04-30,303.325897216797,271.232147216797,307.676116943359
"486",2015-05-01,304.048492431641,270.672027587891,307.979705810547
"487",2015-05-02,303.556549072266,274.875244140625,307.527709960938
"488",2015-05-03,302.184295654297,279.278167724609,306.357604980469
"489",2015-05-04,299.146270751953,281.557342529297,304.563079833984
"490",2015-05-05,298.808197021484,279.807769775391,304.475799560547
"491",2015-05-06,299.110321044922,278.305572509766,303.892944335938
"492",2015-05-07,296.552398681641,277.779388427734,301.870941162109
"493",2015-05-08,291.169952392578,275.302154541016,297.229553222656
"494",2015-05-09,290.532562255859,275.964752197266,296.031707763672
"495",2015-05-10,296.795654296875,274.856658935547,301.888458251953
"496",2015-05-11,300.678588867188,270.025634765625,303.77001953125
"497",2015-05-12,301.564666748047,273.276397705078,305.6884765625
"498",2015-05-13,299.495574951172,277.010162353516,303.725067138672
"499",2015-05-14,297.763824462891,275.327514648438,302.928497314453
"500",2015-05-15,290.588775634766,278.753143310547,296.22265625
"501",2015-05-16,289.200103759766,282.047729492188,293.958862304688
"502",2015-05-17,294.957427978516,280.452301025391,298.48095703125
"503",2015-05-18,298.541900634766,275.933563232422,303.412261962891
"504",2015-05-19,297.240417480469,276.050659179688,302.663604736328
"505",2015-05-20,299.037750244141,272.172637939453,303.399291992188
"506",2015-05-21,299.728759765625,274.009338378906,304.517425537109
"507",2015-05-22,294.830718994141,277.601776123047,301.020660400391
"508",2015-05-23,294.622589111328,279.394348144531,300.668914794922
"509",2015-05-24,297.326812744141,280.656005859375,303.389343261719
"510",2015-05-25,299.382598876953,278.690032958984,304.353393554688
"511",2015-05-26,300.867065429688,277.184478759766,306.115875244141
"512",2015-05-27,301.354461669922,275.482269287109,306.362915039062
"513",2015-05-28,302.455017089844,274.783538818359,307.503814697266
"514",2015-05-29,303.852203369141,273.992889404297,308.550628662109
"515",2015-05-30,305.020782470703,272.828002929688,309.621704101562
"516",2015-05-31,306.317504882812,275.863372802734,310.707061767578
"517",2015-06-01,306.904449462891,272.642303466797,311.135711669922
"518",2015-06-02,304.427520751953,270.531585693359,309.000701904297
"519",2015-06-03,302.946380615234,271.306274414062,307.838439941406
"520",2015-06-04,301.668090820312,272.574462890625,306.450408935547
"521",2015-06-05,302.19775390625,273.788848876953,306.305877685547
"522",2015-06-06,300.872161865234,268.560913085938,305.946166992188
"523",2015-06-07,303.091888427734,266.499847412109,308.359283447266
"524",2015-06-08,306.497375488281,268.589019775391,311.667633056641
"525",2015-06-09,305.503082275391,285.5087890625,310.246734619141
"526",2015-06-10,299.85107421875,291.526763916016,304.052703857422
"527",2015-06-11,303.818939208984,286.227935791016,308.301422119141
"528",2015-06-12,305.729217529297,281.351928710938,310.772186279297
"529",2015-06-13,307.180267333984,281.020385742188,312.765411376953
"530",2015-06-14,307.688812255859,285.279510498047,312.592987060547
"531",2015-06-15,309.298309326172,282.287750244141,313.888824462891
"532",2015-06-16,310.329284667969,279.446075439453,314.469146728516
"533",2015-06-17,310.1689453125,279.544525146484,314.490936279297
"534",2015-06-18,311.667938232422,277.811706542969,315.559417724609
"535",2015-06-19,309.937103271484,272.512176513672,313.975677490234
"536",2015-06-20,309.871734619141,274.410736083984,313.626403808594
"537",2015-06-21,309.337066650391,281.885101318359,314.204467773438
"538",2015-06-22,309.146148681641,280.128082275391,313.984893798828
"539",2015-06-23,309.587860107422,277.125762939453,314.392333984375
"540",2015-06-24,310.352081298828,273.387176513672,314.079223632812
"541",2015-06-25,310.069183349609,280.564544677734,314.568176269531
"542",2015-06-26,310.395874023438,283.88720703125,315.379333496094
"543",2015-06-27,309.616363525391,284.575408935547,315.359375
"544",2015-06-28,310.869354248047,287.814300537109,316.775146484375
"545",2015-06-29,308.480987548828,291.202117919922,314.516326904297
"546",2015-06-30,307.719696044922,291.289581298828,311.97314453125
"547",2015-07-01,305.633422851562,292.635070800781,310.327941894531
"548",2015-07-02,304.330932617188,292.175689697266,307.210296630859
"549",2015-07-03,307.627288818359,288.377349853516,311.307525634766
"550",2015-07-04,308.163970947266,286.310302734375,312.276519775391
"551",2015-07-05,309.092803955078,286.227996826172,314.073822021484
"552",2015-07-06,306.626861572266,286.555358886719,312.067169189453
"553",2015-07-07,308.680328369141,282.649261474609,314.208221435547
"554",2015-07-08,308.897338867188,280.099822998047,313.780670166016
"555",2015-07-09,305.673675537109,280.059967041016,310.894805908203
"556",2015-07-10,303.761138916016,282.200653076172,308.808807373047
"557",2015-07-11,304.280792236328,281.136444091797,308.895965576172
"558",2015-07-12,304.881622314453,275.805999755859,309.824859619141
"559",2015-07-13,308.316345214844,278.091033935547,313.269775390625
"560",2015-07-14,309.397918701172,281.764923095703,313.95166015625
"561",2015-07-15,308.799774169922,281.067718505859,313.423248291016
"562",2015-07-16,308.417816162109,283.094512939453,313.457702636719
"563",2015-07-17,308.780548095703,286.772430419922,313.887939453125
"564",2015-07-18,305.677642822266,291.698272705078,311.029022216797
"565",2015-07-19,302.148590087891,293.330322265625,306.520263671875
"566",2015-07-20,303.756896972656,291.979522705078,308.541961669922
"567",2015-07-21,306.590698242188,289.762603759766,311.079498291016
"568",2015-07-22,308.510711669922,285.232757568359,313.769195556641
"569",2015-07-23,307.572387695312,283.796295166016,312.419952392578
"570",2015-07-24,307.577941894531,281.851837158203,312.868103027344
"571",2015-07-25,308.3193359375,275.239349365234,312.797454833984
"572",2015-07-26,308.185211181641,277.775177001953,312.641235351562
"573",2015-07-27,308.336151123047,271.923248291016,312.845977783203
"574",2015-07-28,307.291046142578,276.401672363281,311.83984375
"575",2015-07-29,308.497039794922,289.914947509766,315.144897460938
"576",2015-07-30,308.013092041016,289.994964599609,314.47998046875
"577",2015-07-31,307.543182373047,292.707794189453,312.338775634766
"578",2015-08-01,307.501617431641,288.470703125,311.971160888672
"579",2015-08-02,307.209136962891,290.05126953125,312.017547607422
"580",2015-08-03,310.436920166016,282.786895751953,314.628448486328
"581",2015-08-04,309.740936279297,278.946380615234,313.849975585938
"582",2015-08-05,310.702819824219,279.25537109375,314.403778076172
"583",2015-08-06,310.465484619141,287.221527099609,315.074310302734
"584",2015-08-07,306.940185546875,291.157562255859,312.037109375
"585",2015-08-08,307.886505126953,280.701538085938,312.609222412109
"586",2015-08-09,309.046295166016,276.347778320312,313.605316162109
"587",2015-08-10,308.299407958984,279.057952880859,312.923187255859
"588",2015-08-11,309.042938232422,283.983032226562,313.623413085938
"589",2015-08-12,306.507049560547,291.923065185547,311.268157958984
"590",2015-08-13,309.938446044922,292.055450439453,315.379547119141
"591",2015-08-14,310.862030029297,288.696533203125,315.018035888672
"592",2015-08-15,311.703582763672,286.028411865234,315.983703613281
"593",2015-08-16,313.134674072266,285.715057373047,317.170227050781
"594",2015-08-17,311.690582275391,288.853118896484,316.882843017578
"595",2015-08-18,310.345458984375,287.161529541016,315.289947509766
"596",2015-08-19,309.457916259766,280.109893798828,313.918212890625
"597",2015-08-20,308.900177001953,284.418914794922,313.550018310547
"598",2015-08-21,308.568145751953,290.180755615234,313.120025634766
"599",2015-08-22,308.016174316406,288.218414306641,312.678375244141
"600",2015-08-23,308.752044677734,285.534942626953,313.404724121094
"601",2015-08-24,308.792816162109,284.300354003906,313.591186523438
"602",2015-08-25,308.815490722656,286.584442138672,313.591552734375
"603",2015-08-26,307.016448974609,291.250823974609,312.295074462891
"604",2015-08-27,309.778930664062,287.002319335938,315.347320556641
"605",2015-08-28,308.665985107422,288.530395507812,314.660186767578
"606",2015-08-29,311.256988525391,286.691345214844,315.894287109375
"607",2015-08-30,309.860321044922,287.869171142578,313.980346679688
"608",2015-08-31,308.569213867188,284.177215576172,312.178161621094
"609",2015-09-01,307.342864990234,287.03271484375,311.717407226562
"610",2015-09-02,306.523956298828,284.986175537109,310.797973632812
"611",2015-09-03,305.652191162109,279.543090820312,309.273315429688
"612",2015-09-04,305.314178466797,288.073944091797,309.404418945312
"613",2015-09-05,305.064056396484,287.567962646484,309.039581298828
"614",2015-09-06,305.638305664062,290.099975585938,309.738128662109
"615",2015-09-07,307.355133056641,288.430328369141,311.9365234375
"616",2015-09-08,307.403625488281,290.355499267578,311.135101318359
"617",2015-09-09,305.695983886719,291.854614257812,309.615234375
"618",2015-09-10,305.368927001953,289.855133056641,309.256561279297
"619",2015-09-11,305.560638427734,289.166259765625,310.704315185547
"620",2015-09-12,307.528167724609,288.079223632812,312.552368164062
"621",2015-09-13,307.785614013672,286.966125488281,311.460296630859
"622",2015-09-14,306.309326171875,289.737518310547,310.148895263672
"623",2015-09-15,304.287231445312,285.881134033203,308.354034423828
"624",2015-09-16,304.099151611328,287.605743408203,308.294311523438
"625",2015-09-17,302.895538330078,279.31982421875,306.945617675781
"626",2015-09-18,304.001373291016,275.044036865234,306.506805419922
"627",2015-09-19,305.628051757812,275.569061279297,307.514282226562
"628",2015-09-20,306.481353759766,283.732574462891,309.767730712891
"629",2015-09-21,305.418365478516,289.725982666016,309.790161132812
"630",2015-09-22,302.612976074219,290.306671142578,306.28564453125
"631",2015-09-23,303.180389404297,289.194091796875,307.931304931641
"632",2015-09-24,306.193145751953,287.350494384766,309.721374511719
"633",2015-09-25,308.661895751953,283.810485839844,311.157135009766
"634",2015-09-26,308.512268066406,283.637084960938,310.751007080078
"635",2015-09-27,307.703277587891,285.175628662109,310.735137939453
"636",2015-09-28,306.951934814453,286.352142333984,310.290374755859
"637",2015-09-29,306.461181640625,284.083282470703,309.760986328125
"638",2015-09-30,306.148742675781,280.830169677734,308.917388916016
"639",2015-10-01,306.030364990234,281.163665771484,308.975738525391
"640",2015-10-02,303.536346435547,279.037384033203,307.371978759766
"641",2015-10-03,299.961791992188,276.701507568359,303.52880859375
"642",2015-10-04,301.456146240234,281.744537353516,304.473266601562
"643",2015-10-05,298.223663330078,287.459381103516,302.322906494141
"644",2015-10-06,295.181243896484,284.186584472656,299.006683349609
"645",2015-10-07,295.784515380859,285.041046142578,298.817687988281
"646",2015-10-08,299.804260253906,283.642059326172,301.926788330078
"647",2015-10-09,302.802062988281,280.805084228516,304.334747314453
"648",2015-10-10,304.025177001953,281.516723632812,305.949615478516
"649",2015-10-11,303.724761962891,282.065216064453,305.878265380859
"650",2015-10-12,303.684814453125,284.704467773438,305.960693359375
"651",2015-10-13,303.855804443359,286.650726318359,306.883728027344
"652",2015-10-14,304.329559326172,287.937652587891,307.165588378906
"653",2015-10-15,304.279022216797,285.316436767578,306.451202392578
"654",2015-10-16,302.592224121094,286.445709228516,305.113739013672
"655",2015-10-17,297.738616943359,291.749908447266,301.324249267578
"656",2015-10-18,300.225372314453,292.215454101562,300.965698242188
"657",2015-10-19,297.881683349609,289.685028076172,300.105102539062
"658",2015-10-20,296.498748779297,283.590362548828,299.010406494141
"659",2015-10-21,295.151580810547,285.946533203125,298.460205078125
"660",2015-10-22,296.112152099609,283.6884765625,298.936187744141
"661",2015-10-23,298.000030517578,281.262359619141,299.157501220703
"662",2015-10-24,298.514862060547,278.980438232422,300.375366210938
"663",2015-10-25,299.235656738281,278.189514160156,300.183258056641
"664",2015-10-26,299.590911865234,280.750244140625,299.674713134766
"665",2015-10-27,298.861938476562,277.54248046875,298.509643554688
"666",2015-10-28,298.612274169922,270.7685546875,298.251617431641
"667",2015-10-29,298.019378662109,276.001892089844,299.462066650391
"668",2015-10-30,295.892456054688,274.118225097656,297.331146240234
"669",2015-10-31,295.239166259766,269.305236816406,295.219085693359
"670",2015-11-01,297.925140380859,271.780883789062,296.476531982422
"671",2015-11-02,297.114227294922,273.730743408203,297.294555664062
"672",2015-11-03,295.036987304688,278.517791748047,297.538238525391
"673",2015-11-04,288.819854736328,276.069091796875,291.829864501953
"674",2015-11-05,287.057037353516,271.522369384766,287.9072265625
"675",2015-11-06,287.475311279297,269.559234619141,288.198913574219
"676",2015-11-07,289.554840087891,269.524932861328,290.872589111328
"677",2015-11-08,290.768798828125,268.984497070312,290.663970947266
"678",2015-11-09,290.772247314453,269.095489501953,290.747924804688
"679",2015-11-10,290.783630371094,275.759429931641,292.15576171875
"680",2015-11-11,287.028930664062,267.901824951172,287.886688232422
"681",2015-11-12,287.017761230469,266.198638916016,286.863800048828
"682",2015-11-13,288.529693603516,266.358795166016,287.793060302734
"683",2015-11-14,290.133148193359,265.243560791016,288.453369140625
"684",2015-11-15,289.549987792969,270.209197998047,289.014556884766
"685",2015-11-16,287.753112792969,275.031646728516,289.468658447266
"686",2015-11-17,286.199432373047,260.926239013672,286.899627685547
"687",2015-11-18,287.189117431641,260.096588134766,286.952667236328
"688",2015-11-19,288.782165527344,268.251708984375,287.643829345703
"689",2015-11-20,291.75244140625,270.598236083984,288.943023681641
"690",2015-11-21,292.083618164062,272.478881835938,292.064361572266
"691",2015-11-22,290.588012695312,266.443725585938,290.559051513672
"692",2015-11-23,290.540679931641,262.334442138672,288.708648681641
"693",2015-11-24,289.97314453125,265.356414794922,288.509307861328
"694",2015-11-25,292.293304443359,276.753265380859,293.145111083984
"695",2015-11-26,284.958343505859,271.90869140625,286.712677001953
"696",2015-11-27,283.286224365234,267.005584716797,283.648651123047
"697",2015-11-28,283.680877685547,266.536224365234,283.148895263672
"698",2015-11-29,282.104522705078,264.629577636719,282.298248291016
"699",2015-11-30,281.412139892578,263.616180419922,281.129547119141
"700",2015-12-01,282.99560546875,261.343566894531,280.690643310547
"701",2015-12-02,283.738494873047,263.144378662109,281.522125244141
"702",2015-12-03,286.260894775391,260.490966796875,283.441864013672
"703",2015-12-04,286.052398681641,260.958557128906,283.928619384766
"704",2015-12-05,285.993408203125,264.410552978516,283.757415771484
"705",2015-12-06,287.270538330078,266.625183105469,284.525634765625
"706",2015-12-07,287.457794189453,265.259521484375,284.685028076172
"707",2015-12-08,287.926452636719,265.328674316406,284.364898681641
"708",2015-12-09,288.841949462891,265.481414794922,285.809692382812
"709",2015-12-10,286.980163574219,268.510375976562,285.257080078125
"710",2015-12-11,290.963287353516,274.730621337891,290.875762939453
"711",2015-12-12,286.050445556641,270.598846435547,286.709167480469
"712",2015-12-13,284.820526123047,265.181915283203,283.701171875
"713",2015-12-14,286.416015625,270.016204833984,287.762390136719
"714",2015-12-15,281.889312744141,265.798400878906,281.876312255859
"715",2015-12-16,281.241180419922,265.981109619141,280.220825195312
"716",2015-12-17,280.683166503906,265.125152587891,278.801177978516
"717",2015-12-18,282.047088623047,267.297882080078,280.514770507812
"718",2015-12-19,284.504547119141,267.197845458984,282.498443603516
"719",2015-12-20,285.818267822266,272.959045410156,286.148712158203
"720",2015-12-21,284.768707275391,272.377685546875,284.377166748047
"721",2015-12-22,286.661102294922,275.395172119141,285.888885498047
"722",2015-12-23,288.598968505859,281.594909667969,288.654846191406
"723",2015-12-24,286.935089111328,274.044097900391,287.459442138672
"724",2015-12-25,285.622650146484,270.963653564453,286.891296386719
"725",2015-12-26,282.286285400391,260.067779541016,283.100799560547
"726",2015-12-27,280.876556396484,258.825927734375,282.639923095703
"727",2015-12-28,280.275939941406,258.466125488281,279.740509033203
"728",2015-12-29,281.829010009766,261.542694091797,281.849029541016
"729",2015-12-30,281.053497314453,261.969024658203,280.152923583984
"730",2015-12-31,280.784454345703,264.245300292969,280.344757080078
"731",2016-01-01,280.240234375,262.663177490234,280.360443115234
"732",2016-01-02,282.467864990234,266.110443115234,281.515228271484
"733",2016-01-03,285.325012207031,272.148101806641,284.928985595703
"734",2016-01-04,287.913299560547,277.125335693359,287.835235595703
"735",2016-01-05,284.798248291016,282.428466796875,284.709869384766
"736",2016-01-06,285.742309570312,280.880554199219,286.363433837891
"737",2016-01-07,285.619110107422,279.120483398438,286.173706054688
"738",2016-01-08,282.823089599609,276.903411865234,284.089019775391
"739",2016-01-09,283.556976318359,273.784942626953,283.137512207031
"740",2016-01-10,284.388519287109,276.678131103516,284.834014892578
"741",2016-01-11,282.425811767578,275.058929443359,283.057891845703
"742",2016-01-12,281.530120849609,271.308441162109,281.706573486328
"743",2016-01-13,282.962249755859,269.866668701172,281.786499023438
"744",2016-01-14,284.338043212891,270.241668701172,282.794403076172
"745",2016-01-15,286.407073974609,270.850067138672,285.242919921875
"746",2016-01-16,285.188720703125,272.349029541016,284.853454589844
"747",2016-01-17,285.945129394531,271.211944580078,285.424102783203
"748",2016-01-18,287.574798583984,271.337707519531,287.147369384766
"749",2016-01-19,289.120513916016,271.14892578125,287.224792480469
"750",2016-01-20,289.430633544922,274.74560546875,289.220611572266
"751",2016-01-21,287.374633789062,274.996185302734,288.138061523438
"752",2016-01-22,287.380462646484,264.680450439453,286.781524658203
"753",2016-01-23,288.670593261719,264.112091064453,287.007690429688
"754",2016-01-24,287.319885253906,268.068939208984,287.264251708984
"755",2016-01-25,287.740570068359,267.517425537109,287.143463134766
"756",2016-01-26,286.086151123047,263.157073974609,287.321899414062
"757",2016-01-27,285.860748291016,261.273406982422,286.219451904297
"758",2016-01-28,287.712280273438,263.058288574219,286.261505126953
"759",2016-01-29,287.8056640625,265.932983398438,285.706878662109
"760",2016-01-30,289.508483886719,267.870697021484,288.434539794922
"761",2016-01-31,291.356414794922,278.665191650391,291.933227539062
"762",2016-02-01,285.6904296875,271.911529541016,288.408721923828
"763",2016-02-02,281.673156738281,261.425354003906,283.471038818359
"764",2016-02-03,280.290130615234,262.480621337891,282.224060058594
"765",2016-02-04,282.049133300781,263.264312744141,282.877716064453
"766",2016-02-05,285.338409423828,266.287322998047,286.484252929688
"767",2016-02-06,286.890747070312,266.24267578125,288.241668701172
"768",2016-02-07,287.735565185547,264.530670166016,288.052032470703
"769",2016-02-08,291.149047851562,267.717437744141,291.654663085938
"770",2016-02-09,291.647521972656,267.410919189453,292.213897705078
"771",2016-02-10,292.550628662109,267.65234375,291.716094970703
"772",2016-02-11,292.675170898438,269.945556640625,290.856597900391
"773",2016-02-12,293.133087158203,270.043792724609,290.998199462891
"774",2016-02-13,293.889007568359,271.389068603516,291.684295654297
"775",2016-02-14,292.475006103516,267.475372314453,291.761688232422
"776",2016-02-15,295.384399414062,268.670745849609,295.728851318359
"777",2016-02-16,294.977172851562,273.604614257812,296.063598632812
"778",2016-02-17,294.543212890625,273.357330322266,293.980987548828
"779",2016-02-18,296.002471923828,272.896026611328,297.025665283203
"780",2016-02-19,293.821319580078,278.533538818359,295.030578613281
"781",2016-02-20,294.158996582031,272.938262939453,294.360748291016
"782",2016-02-21,293.816589355469,270.230285644531,292.992431640625
"783",2016-02-22,293.821197509766,268.525054931641,293.189361572266
"784",2016-02-23,292.447113037109,262.825378417969,293.652709960938
"785",2016-02-24,288.296173095703,262.041748046875,290.350463867188
"786",2016-02-25,291.268646240234,263.944610595703,291.013732910156
"787",2016-02-26,294.354278564453,264.806335449219,292.830810546875
"788",2016-02-27,295.917938232422,265.756958007812,295.420257568359
"789",2016-02-28,295.635955810547,269.701843261719,295.339813232422
"790",2016-02-29,296.208282470703,270.423431396484,295.461547851562
"791",2016-03-01,296.944946289062,271.455169677734,296.815887451172
"792",2016-03-02,296.619323730469,270.968139648438,297.557312011719
"793",2016-03-03,296.746765136719,267.989410400391,297.059051513672
"794",2016-03-04,296.523345947266,266.681243896484,297.858856201172
"795",2016-03-05,295.030334472656,267.2236328125,297.024505615234
"796",2016-03-06,295.332336425781,278.216247558594,297.750427246094
"797",2016-03-07,288.207000732422,274.07666015625,291.555328369141
"798",2016-03-08,286.654937744141,273.28125,289.206024169922
"799",2016-03-09,292.235229492188,268.209503173828,292.954193115234
"800",2016-03-10,295.128448486328,266.579376220703,296.264801025391
"801",2016-03-11,296.516510009766,268.212646484375,297.649047851562
"802",2016-03-12,290.542388916016,274.576995849609,295.055084228516
"803",2016-03-13,291.1201171875,273.455780029297,294.286834716797
"804",2016-03-14,293.293151855469,277.302764892578,297.205108642578
"805",2016-03-15,294.812103271484,274.938201904297,297.159637451172
"806",2016-03-16,294.902221679688,264.067596435547,296.73193359375
"807",2016-03-17,296.193725585938,264.401885986328,296.839508056641
"808",2016-03-18,296.603729248047,267.835723876953,298.443481445312
"809",2016-03-19,297.974151611328,272.305023193359,300.494781494141
"810",2016-03-20,298.128997802734,273.130096435547,300.497833251953
"811",2016-03-21,298.919738769531,270.891510009766,300.994598388672
"812",2016-03-22,296.421966552734,273.832855224609,300.572723388672
"813",2016-03-23,292.416381835938,265.131927490234,296.016021728516
"814",2016-03-24,291.873474121094,263.072052001953,293.809326171875
"815",2016-03-25,294.544708251953,262.178100585938,296.303924560547
"816",2016-03-26,296.233581542969,265.722625732422,298.822265625
"817",2016-03-27,293.684326171875,261.525726318359,295.995239257812
"818",2016-03-28,296.343048095703,274.036376953125,299.609985351562
"819",2016-03-29,288.542999267578,272.667144775391,293.911987304688
"820",2016-03-30,287.769927978516,271.464904785156,293.031646728516
"821",2016-03-31,289.622619628906,268.480010986328,293.066253662109
"822",2016-04-01,292.968322753906,270.557098388672,296.302673339844
"823",2016-04-02,295.744964599609,269.6181640625,298.615234375
"824",2016-04-03,297.643646240234,268.312591552734,300.766326904297
"825",2016-04-04,298.576171875,268.149444580078,301.468811035156
"826",2016-04-05,298.968597412109,269.567718505859,301.777313232422
"827",2016-04-06,300.230010986328,267.321319580078,301.946014404297
"828",2016-04-07,300.751190185547,270.850616455078,302.429718017578
"829",2016-04-08,295.289031982422,284.540405273438,298.946228027344
"830",2016-04-09,293.762542724609,287.097686767578,297.399688720703
"831",2016-04-10,292.752746582031,282.837982177734,296.174835205078
"832",2016-04-11,292.054534912109,281.685516357422,295.466339111328
"833",2016-04-12,294.715301513672,281.317077636719,298.787017822266
"834",2016-04-13,298.051361083984,278.356414794922,301.818725585938
"835",2016-04-14,300.019500732422,271.663360595703,303.974578857422
"836",2016-04-15,297.447662353516,267.805633544922,301.441558837891
"837",2016-04-16,295.014862060547,264.039520263672,297.942901611328
"838",2016-04-17,296.67822265625,264.115081787109,299.347747802734
"839",2016-04-18,296.911956787109,264.309356689453,300.342193603516
"840",2016-04-19,299.525054931641,260.980377197266,301.509246826172
"841",2016-04-20,300.683685302734,264.454040527344,303.560607910156
"842",2016-04-21,300.671783447266,265.016387939453,303.876739501953
"843",2016-04-22,301.853057861328,270.347259521484,304.989776611328
"844",2016-04-23,299.516296386719,273.7060546875,304.179901123047
"845",2016-04-24,297.833587646484,268.058288574219,300.919097900391
"846",2016-04-25,296.152954101562,274.457305908203,301.551544189453
"847",2016-04-26,292.395324707031,270.632141113281,297.700347900391
"848",2016-04-27,295.471038818359,270.720001220703,299.668121337891
"849",2016-04-28,293.516479492188,276.267120361328,299.106536865234
"850",2016-04-29,293.790344238281,276.218109130859,298.583862304688
"851",2016-04-30,295.642456054688,276.981384277344,300.996826171875
"852",2016-05-01,293.260437011719,280.554840087891,298.499084472656
"853",2016-05-02,297.523315429688,277.802764892578,301.856048583984
"854",2016-05-03,299.504516601562,274.995513916016,304.043823242188
"855",2016-05-04,303.190032958984,269.864410400391,305.784301757812
"856",2016-05-05,301.565063476562,272.8984375,305.36572265625
"857",2016-05-06,295.484252929688,278.518951416016,301.243225097656
"858",2016-05-07,293.122833251953,278.444732666016,298.579376220703
"859",2016-05-08,295.535552978516,274.389068603516,300.871856689453
"860",2016-05-09,297.514862060547,277.267181396484,302.474945068359
"861",2016-05-10,299.375396728516,276.799987792969,304.51708984375
"862",2016-05-11,300.96337890625,278.147705078125,306.675018310547
"863",2016-05-12,303.50244140625,277.318634033203,308.640014648438
"864",2016-05-13,305.345672607422,275.103546142578,310.023406982422
"865",2016-05-14,305.686248779297,277.086273193359,309.665740966797
"866",2016-05-15,301.958709716797,278.388977050781,307.090728759766
"867",2016-05-16,299.372436523438,280.502960205078,305.836944580078
"868",2016-05-17,300.254791259766,280.818389892578,306.587829589844
"869",2016-05-18,298.623626708984,281.052978515625,304.009063720703
"870",2016-05-19,302.496459960938,280.263732910156,307.357147216797
"871",2016-05-20,303.503021240234,276.951934814453,307.744476318359
"872",2016-05-21,298.095916748047,273.156555175781,303.999877929688
"873",2016-05-22,296.147308349609,273.050811767578,302.185943603516
"874",2016-05-23,297.834289550781,273.654510498047,303.439483642578
"875",2016-05-24,297.653289794922,274.431365966797,303.131317138672
"876",2016-05-25,295.957794189453,275.473785400391,301.452178955078
"877",2016-05-26,296.451904296875,276.551422119141,302.321258544922
"878",2016-05-27,300.507781982422,277.724334716797,305.810089111328
"879",2016-05-28,302.101623535156,275.772918701172,307.346405029297
"880",2016-05-29,301.258148193359,274.302947998047,306.941558837891
"881",2016-05-30,301.540069580078,275.603179931641,307.551635742188
"882",2016-05-31,303.990936279297,277.295227050781,309.3876953125
"883",2016-06-01,305.812316894531,277.413055419922,310.819244384766
"884",2016-06-02,307.032379150391,276.604461669922,311.412872314453
"885",2016-06-03,309.649658203125,274.104095458984,313.683624267578
"886",2016-06-04,310.470123291016,272.671447753906,313.628387451172
"887",2016-06-05,310.077941894531,273.085784912109,313.796752929688
"888",2016-06-06,309.123046875,274.454193115234,313.422821044922
"889",2016-06-07,308.007598876953,276.807373046875,312.606994628906
"890",2016-06-08,307.651611328125,280.286529541016,312.747131347656
"891",2016-06-09,307.359008789062,280.972076416016,312.75
"892",2016-06-10,305.567596435547,283.727722167969,310.587768554688
"893",2016-06-11,305.09326171875,285.873474121094,309.797637939453
"894",2016-06-12,302.999481201172,280.749847412109,308.858703613281
"895",2016-06-13,304.397338867188,279.448608398438,310.277069091797
"896",2016-06-14,304.486114501953,273.705657958984,309.549377441406
"897",2016-06-15,304.874298095703,275.149780273438,309.302001953125
"898",2016-06-16,303.443145751953,274.072601318359,308.339141845703
"899",2016-06-17,305.183319091797,274.358825683594,309.392822265625
"900",2016-06-18,307.114196777344,273.660583496094,311.391052246094
"901",2016-06-19,310.52783203125,272.686889648438,313.746337890625
"902",2016-06-20,314.574737548828,275.722930908203,316.219512939453
"903",2016-06-21,312.123382568359,280.580322265625,317.563385009766
"904",2016-06-22,310.999969482422,281.549926757812,315.630950927734
"905",2016-06-23,310.895111083984,280.162567138672,315.179962158203
"906",2016-06-24,309.502380371094,281.210540771484,314.358489990234
"907",2016-06-25,308.737701416016,282.086822509766,314.403259277344
"908",2016-06-26,310.163940429688,282.445526123047,315.493286132812
"909",2016-06-27,310.734619140625,284.278839111328,315.363189697266
"910",2016-06-28,311.485260009766,285.711822509766,316.06005859375
"911",2016-06-29,311.081665039062,284.716430664062,316.350738525391
"912",2016-06-30,308.5205078125,290.493194580078,314.714569091797
"913",2016-07-01,306.194610595703,293.240234375,312.225341796875
"914",2016-07-02,308.343048095703,285.895416259766,313.529876708984
"915",2016-07-03,309.825347900391,284.401611328125,315.435302734375
"916",2016-07-04,310.294677734375,282.549652099609,315.819122314453
"917",2016-07-05,310.634002685547,276.376678466797,315.355865478516
"918",2016-07-06,309.286865234375,280.849060058594,313.961242675781
"919",2016-07-07,308.121795654297,283.218505859375,313.343963623047
"920",2016-07-08,308.764434814453,280.852813720703,313.783416748047
"921",2016-07-09,309.942108154297,279.479278564453,314.432830810547
"922",2016-07-10,309.718414306641,276.643280029297,314.363525390625
"923",2016-07-11,308.620239257812,276.043487548828,314.149627685547
"924",2016-07-12,308.235961914062,275.480377197266,312.735717773438
"925",2016-07-13,308.186431884766,275.872222900391,312.903533935547
"926",2016-07-14,309.961639404297,281.973846435547,315.106170654297
"927",2016-07-15,311.135589599609,279.956298828125,315.626861572266
"928",2016-07-16,310.691741943359,284.384399414062,315.492065429688
"929",2016-07-17,310.429626464844,283.341400146484,314.989715576172
"930",2016-07-18,309.349731445312,285.8369140625,314.412231445312
"931",2016-07-19,309.869903564453,285.389007568359,315.588714599609
"932",2016-07-20,310.375885009766,286.909576416016,316.153198242188
"933",2016-07-21,311.553100585938,286.413970947266,317.727142333984
"934",2016-07-22,313.254760742188,280.871795654297,318.347747802734
"935",2016-07-23,312.906372070312,285.130523681641,318.172637939453
"936",2016-07-24,311.227508544922,288.238891601562,316.288848876953
"937",2016-07-25,310.783569335938,288.069091796875,316.868499755859
"938",2016-07-26,310.684478759766,288.118438720703,316.268310546875
"939",2016-07-27,311.803558349609,288.405975341797,316.298187255859
"940",2016-07-28,311.963897705078,287.933258056641,316.426483154297
"941",2016-07-29,311.946319580078,288.657623291016,317.569610595703
"942",2016-07-30,308.911285400391,290.231048583984,315.080780029297
"943",2016-07-31,308.234710693359,291.123077392578,314.002258300781
"944",2016-08-01,308.567352294922,289.254058837891,314.653686523438
"945",2016-08-02,308.614593505859,292.194488525391,315.213348388672
"946",2016-08-03,307.999542236328,291.558776855469,313.867065429688
"947",2016-08-04,308.022186279297,290.384002685547,314.120697021484
"948",2016-08-05,310.035919189453,286.924682617188,315.740936279297
"949",2016-08-06,310.415374755859,286.052124023438,315.229278564453
"950",2016-08-07,311.713623046875,279.231231689453,316.380615234375
"951",2016-08-08,311.078643798828,274.687042236328,315.228973388672
"952",2016-08-09,308.803588867188,285.904510498047,313.241302490234
"953",2016-08-10,307.283203125,293.097747802734,311.841400146484
"954",2016-08-11,305.725006103516,293.703033447266,309.530242919922
"955",2016-08-12,308.977569580078,290.978790283203,313.655822753906
"956",2016-08-13,311.100311279297,286.175506591797,315.562652587891
"957",2016-08-14,312.567718505859,282.726776123047,316.523406982422
"958",2016-08-15,312.632446289062,282.698944091797,316.237762451172
"959",2016-08-16,311.818969726562,280.624786376953,315.432983398438
"960",2016-08-17,311.598785400391,281.726440429688,315.841186523438
"961",2016-08-18,309.610961914062,283.858428955078,314.810821533203
"962",2016-08-19,307.873229980469,285.049438476562,313.543670654297
"963",2016-08-20,308.088226318359,287.068084716797,313.670379638672
"964",2016-08-21,306.242340087891,288.319976806641,312.813354492188
"965",2016-08-22,305.933502197266,287.5556640625,311.465789794922
"966",2016-08-23,304.600555419922,287.943695068359,310.144805908203
"967",2016-08-24,307.083465576172,285.102630615234,311.301635742188
"968",2016-08-25,307.890441894531,282.978668212891,312.011413574219
"969",2016-08-26,305.972747802734,286.657379150391,310.223266601562
"970",2016-08-27,304.626129150391,285.467498779297,309.204925537109
"971",2016-08-28,304.234405517578,283.513275146484,308.485290527344
"972",2016-08-29,307.363372802734,282.152740478516,311.215576171875
"973",2016-08-30,309.565460205078,279.844512939453,313.092559814453
"974",2016-08-31,309.434112548828,283.042205810547,312.740234375
"975",2016-09-01,308.095703125,288.648803710938,312.128143310547
"976",2016-09-02,306.679718017578,288.736480712891,310.998016357422
"977",2016-09-03,307.892578125,284.848022460938,312.2216796875
"978",2016-09-04,305.323120117188,276.244262695312,309.599670410156
"979",2016-09-05,302.664306640625,274.290863037109,306.737518310547
"980",2016-09-06,302.845611572266,270.461151123047,306.235992431641
"981",2016-09-07,303.828399658203,290.013885498047,308.586578369141
"982",2016-09-08,304.778198242188,289.779418945312,309.107147216797
"983",2016-09-09,306.738067626953,284.245330810547,311.454956054688
"984",2016-09-10,307.488677978516,278.382232666016,311.306304931641
"985",2016-09-11,307.243804931641,277.216247558594,310.340240478516
"986",2016-09-12,306.860137939453,280.284545898438,310.04248046875
"987",2016-09-13,303.358154296875,275.881561279297,307.035278320312
"988",2016-09-14,300.285705566406,272.949401855469,304.569244384766
"989",2016-09-15,300.324096679688,267.427459716797,302.578643798828
"990",2016-09-16,301.386840820312,268.197631835938,303.541046142578
"991",2016-09-17,302.986083984375,266.940551757812,304.458831787109
"992",2016-09-18,304.364105224609,268.690216064453,305.742309570312
"993",2016-09-19,305.399139404297,275.133422851562,306.442901611328
"994",2016-09-20,300.876678466797,286.906585693359,304.503448486328
"995",2016-09-21,298.344635009766,292.256591796875,301.302124023438
"996",2016-09-22,301.410705566406,290.746429443359,303.901794433594
"997",2016-09-23,297.362579345703,269.081726074219,300.476776123047
"998",2016-09-24,297.301116943359,270.055145263672,299.668701171875
"999",2016-09-25,300.729278564453,274.170135498047,302.372833251953
"1000",2016-09-26,303.282989501953,278.129730224609,304.785247802734
"1001",2016-09-27,301.462432861328,281.960784912109,304.743530273438
"1002",2016-09-28,300.92041015625,283.174926757812,303.630645751953
"1003",2016-09-29,302.877227783203,283.719268798828,305.218170166016
"1004",2016-09-30,302.941619873047,283.950744628906,305.781921386719
"1005",2016-10-01,303.281005859375,283.344085693359,306.039276123047
"1006",2016-10-02,302.559600830078,282.714935302734,305.637664794922
"1007",2016-10-03,297.646240234375,268.971740722656,301.05810546875
"1008",2016-10-04,295.243377685547,266.576873779297,297.930877685547
"1009",2016-10-05,297.402862548828,275.493621826172,300.149444580078
"1010",2016-10-06,298.145629882812,269.064147949219,298.802032470703
"1011",2016-10-07,297.738372802734,265.969818115234,298.730285644531
"1012",2016-10-08,300.472106933594,271.547149658203,301.226593017578
"1013",2016-10-09,301.650634765625,277.240417480469,303.513427734375
"1014",2016-10-10,301.976837158203,278.455657958984,304.146575927734
"1015",2016-10-11,301.183990478516,280.197357177734,303.716156005859
"1016",2016-10-12,299.952728271484,274.328887939453,301.772979736328
"1017",2016-10-13,299.203643798828,271.498657226562,300.404663085938
"1018",2016-10-14,300.321929931641,272.350677490234,301.420867919922
"1019",2016-10-15,300.560485839844,277.013641357422,302.03369140625
"1020",2016-10-16,300.077209472656,281.704132080078,301.858978271484
"1021",2016-10-17,298.501800537109,282.158721923828,301.462921142578
"1022",2016-10-18,297.385437011719,279.578430175781,299.97119140625
"1023",2016-10-19,297.901214599609,273.150268554688,297.972747802734
"1024",2016-10-20,296.080688476562,268.072784423828,297.472564697266
"1025",2016-10-21,297.627227783203,268.512573242188,297.947357177734
"1026",2016-10-22,300.237976074219,272.999572753906,300.675659179688
"1027",2016-10-23,299.410064697266,276.498992919922,300.380676269531
"1028",2016-10-24,299.485931396484,283.882049560547,301.187286376953
"1029",2016-10-25,295.715972900391,287.794219970703,299.324829101562
"1030",2016-10-26,297.647521972656,286.374420166016,299.163299560547
"1031",2016-10-27,298.617095947266,285.347320556641,299.865875244141
"1032",2016-10-28,300.504608154297,282.062652587891,301.266326904297
"1033",2016-10-29,300.290283203125,279.583953857422,301.843536376953
"1034",2016-10-30,300.494903564453,282.050994873047,301.545196533203
"1035",2016-10-31,296.931365966797,282.987274169922,299.837615966797
"1036",2016-11-01,293.263244628906,277.770782470703,296.050323486328
"1037",2016-11-02,293.549285888672,274.278045654297,294.971557617188
"1038",2016-11-03,295.242034912109,273.563659667969,295.823638916016
"1039",2016-11-04,295.049865722656,280.174774169922,296.298065185547
"1040",2016-11-05,295.797058105469,279.37353515625,297.453094482422
"1041",2016-11-06,295.906768798828,279.099212646484,296.962860107422
"1042",2016-11-07,296.850830078125,278.670196533203,297.139373779297
"1043",2016-11-08,297.869049072266,276.451843261719,297.362884521484
"1044",2016-11-09,298.695953369141,274.058197021484,298.314453125
"1045",2016-11-10,296.50048828125,270.540069580078,296.648651123047
"1046",2016-11-11,294.098785400391,273.194213867188,294.917846679688
"1047",2016-11-12,293.875457763672,275.394927978516,294.600921630859
"1048",2016-11-13,295.37109375,275.703155517578,294.87109375
"1049",2016-11-14,295.188690185547,274.424255371094,293.526153564453
"1050",2016-11-15,294.758575439453,272.074615478516,292.387420654297
"1051",2016-11-16,295.104522705078,270.289855957031,294.380462646484
"1052",2016-11-17,291.587158203125,267.338531494141,293.124481201172
"1053",2016-11-18,285.781799316406,263.111114501953,286.749206542969
"1054",2016-11-19,288.257568359375,261.201690673828,287.467742919922
"1055",2016-11-20,291.758636474609,265.476715087891,290.459564208984
"1056",2016-11-21,290.355926513672,280.908477783203,291.517578125
"1057",2016-11-22,288.993682861328,276.009918212891,289.625213623047
"1058",2016-11-23,290.061126708984,272.852416992188,288.774017333984
"1059",2016-11-24,289.276550292969,267.319000244141,289.210968017578
"1060",2016-11-25,287.830200195312,261.951019287109,287.901977539062
"1061",2016-11-26,288.407287597656,264.366119384766,287.508026123047
"1062",2016-11-27,287.614837646484,274.584533691406,288.849548339844
"1063",2016-11-28,284.535369873047,275.216278076172,285.052947998047
"1064",2016-11-29,284.871520996094,272.543914794922,285.380981445312
"1065",2016-11-30,283.164581298828,265.123504638672,283.673645019531
"1066",2016-12-01,284.160583496094,262.798736572266,283.166961669922
"1067",2016-12-02,286.245208740234,266.875732421875,285.900909423828
"1068",2016-12-03,286.385772705078,264.249908447266,287.107452392578
"1069",2016-12-04,285.206878662109,262.180389404297,285.582000732422
"1070",2016-12-05,284.269805908203,263.296691894531,284.059936523438
"1071",2016-12-06,285.811187744141,267.145904541016,285.188568115234
"1072",2016-12-07,287.006866455078,275.158782958984,287.313415527344
"1073",2016-12-08,283.886627197266,259.514923095703,283.199127197266
"1074",2016-12-09,286.527740478516,264.688262939453,285.160675048828
"1075",2016-12-10,287.957672119141,271.675384521484,286.216857910156
"1076",2016-12-11,289.951934814453,276.811798095703,290.164642333984
"1077",2016-12-12,289.701385498047,279.365905761719,289.899993896484
"1078",2016-12-13,291.064086914062,279.375396728516,290.432067871094
"1079",2016-12-14,289.301666259766,278.854736328125,289.476226806641
"1080",2016-12-15,289.168670654297,278.129669189453,289.12939453125
"1081",2016-12-16,293.559051513672,279.792510986328,293.875213623047
"1082",2016-12-17,287.342407226562,268.458251953125,289.763732910156
"1083",2016-12-18,279.874572753906,260.541320800781,280.283538818359
"1084",2016-12-19,280.529632568359,262.077056884766,281.297515869141
"1085",2016-12-20,282.922088623047,261.552642822266,283.203521728516
"1086",2016-12-21,287.131591796875,266.252593994141,287.507904052734
"1087",2016-12-22,284.525054931641,282.090057373047,286.061431884766
"1088",2016-12-23,285.088470458984,282.975738525391,285.813323974609
"1089",2016-12-24,286.15087890625,282.148040771484,286.219696044922
"1090",2016-12-25,281.562927246094,274.265167236328,283.022033691406
"1091",2016-12-26,280.369079589844,273.316284179688,281.489715576172
"1092",2016-12-27,281.019775390625,273.943511962891,281.673004150391
"1093",2016-12-28,282.123321533203,274.820709228516,281.405303955078
"1094",2016-12-29,284.287139892578,276.441619873047,282.721496582031
"1095",2016-12-30,285.767272949219,280.001556396484,284.919494628906
"1096",2016-12-31,284.816680908203,282.212341308594,285.46435546875
"1097",2017-01-01,285.514495849609,282.67138671875,286.548004150391
"1098",2017-01-02,284.792877197266,278.869842529297,284.943756103516
"1099",2017-01-03,284.154327392578,279.734313964844,284.830596923828
"1100",2017-01-04,284.730743408203,279.243957519531,284.63037109375
"1101",2017-01-05,287.347259521484,281.222473144531,286.384002685547
"1102",2017-01-06,285.600921630859,274.944396972656,286.708709716797
"1103",2017-01-07,281.267425537109,271.724822998047,282.576995849609
"1104",2017-01-08,286.439208984375,277.769744873047,285.489166259766
"1105",2017-01-09,287.580535888672,279.961578369141,286.333221435547
"1106",2017-01-10,287.939483642578,279.791687011719,286.925903320312
"1107",2017-01-11,288.134216308594,278.3603515625,287.891845703125
"1108",2017-01-12,288.458953857422,279.973724365234,288.5849609375
"1109",2017-01-13,287.844879150391,280.095611572266,288.486297607422
"1110",2017-01-14,288.433898925781,278.45947265625,288.985931396484
"1111",2017-01-15,287.894317626953,278.155853271484,289.130126953125
"1112",2017-01-16,286.817565917969,273.480743408203,287.184356689453
"1113",2017-01-17,284.463256835938,267.966064453125,285.547088623047
"1114",2017-01-18,285.928070068359,267.630645751953,285.857086181641
"1115",2017-01-19,287.500549316406,272.189270019531,288.447692871094
"1116",2017-01-20,285.319183349609,278.223907470703,285.719573974609
"1117",2017-01-21,285.481842041016,277.46630859375,286.154266357422
"1118",2017-01-22,285.063751220703,277.284606933594,285.129028320312
"1119",2017-01-23,287.196441650391,278.118927001953,286.724822998047
"1120",2017-01-24,283.065185546875,274.453094482422,284.994049072266
"1121",2017-01-25,283.286682128906,269.683898925781,283.401977539062
"1122",2017-01-26,281.308502197266,270.234039306641,282.364288330078
"1123",2017-01-27,283.114837646484,263.978271484375,283.935089111328
"1124",2017-01-28,282.279571533203,264.118988037109,283.734527587891
"1125",2017-01-29,284.109832763672,265.767547607422,285.162445068359
"1126",2017-01-30,287.195281982422,267.865509033203,287.829956054688
"1127",2017-01-31,289.281005859375,265.33740234375,287.696441650391
"1128",2017-02-01,288.712677001953,268.031311035156,287.931884765625
"1129",2017-02-02,289.604736328125,263.909973144531,289.866027832031
"1130",2017-02-03,290.184844970703,264.380218505859,290.077423095703
"1131",2017-02-04,291.516845703125,273.324066162109,291.996246337891
"1132",2017-02-05,290.667449951172,273.179138183594,290.959075927734
"1133",2017-02-06,291.165802001953,276.407653808594,292.113189697266
"1134",2017-02-07,291.400360107422,282.302459716797,292.090057373047
"1135",2017-02-08,292.519805908203,281.630798339844,294.198211669922
"1136",2017-02-09,293.605194091797,281.803497314453,294.606109619141
"1137",2017-02-10,295.569305419922,279.395904541016,295.536651611328
"1138",2017-02-11,294.066131591797,280.421661376953,295.382965087891
"1139",2017-02-12,289.998870849609,279.784332275391,291.720001220703
"1140",2017-02-13,290.783111572266,278.258666992188,292.90087890625
"1141",2017-02-14,291.767730712891,274.868316650391,292.967529296875
"1142",2017-02-15,291.656127929688,274.056335449219,293.114410400391
"1143",2017-02-16,292.199493408203,271.825225830078,292.395416259766
"1144",2017-02-17,292.913452148438,272.718658447266,294.274200439453
"1145",2017-02-18,289.176239013672,280.678955078125,291.482391357422
"1146",2017-02-19,286.591766357422,283.269165039062,288.812042236328
"1147",2017-02-20,288.059844970703,282.176055908203,288.570373535156
"1148",2017-02-21,290.211761474609,284.235748291016,290.49560546875
"1149",2017-02-22,292.408966064453,283.133697509766,291.788970947266
"1150",2017-02-23,287.210113525391,269.856475830078,289.153717041016
"1151",2017-02-24,284.301177978516,267.592590332031,286.303833007812
"1152",2017-02-25,284.917510986328,266.664855957031,285.883575439453
"1153",2017-02-26,287.846160888672,270.690063476562,290.022918701172
"1154",2017-02-27,287.091247558594,276.250335693359,288.536865234375
"1155",2017-02-28,287.596557617188,281.581420898438,288.676849365234
"1156",2017-03-01,286.399108886719,275.2177734375,286.883544921875
"1157",2017-03-02,286.933288574219,273.146575927734,287.794555664062
"1158",2017-03-03,288.706512451172,274.396148681641,289.080902099609
"1159",2017-03-04,291.5625,273.506866455078,291.548370361328
"1160",2017-03-05,292.845123291016,269.854217529297,293.563751220703
"1161",2017-03-06,287.649536132812,268.264007568359,291.132415771484
"1162",2017-03-07,287.533325195312,256.885467529297,289.682861328125
"1163",2017-03-08,292.433990478516,261.518218994141,292.114440917969
"1164",2017-03-09,295.771636962891,268.098236083984,294.356048583984
"1165",2017-03-10,297.255218505859,269.774871826172,296.504547119141
"1166",2017-03-11,298.586395263672,268.532958984375,297.955383300781
"1167",2017-03-12,299.099060058594,270.062225341797,298.551910400391
"1168",2017-03-13,299.450408935547,269.822906494141,298.637573242188
"1169",2017-03-14,300.605499267578,269.947937011719,299.478515625
"1170",2017-03-15,299.793090820312,269.171722412109,299.733489990234
"1171",2017-03-16,299.255462646484,270.969085693359,300.132965087891
"1172",2017-03-17,299.623870849609,271.489196777344,300.754760742188
"1173",2017-03-18,299.734344482422,272.586578369141,301.515289306641
"1174",2017-03-19,300.049591064453,269.583068847656,301.829956054688
"1175",2017-03-20,300.930633544922,273.367980957031,302.735321044922
"1176",2017-03-21,299.677337646484,274.542633056641,302.871307373047
"1177",2017-03-22,297.337219238281,279.610870361328,301.606536865234
"1178",2017-03-23,291.301483154297,274.383636474609,296.067260742188
"1179",2017-03-24,292.305816650391,272.419311523438,296.189056396484
"1180",2017-03-25,295.341125488281,268.442504882812,298.597137451172
"1181",2017-03-26,294.189605712891,272.828826904297,297.718200683594
"1182",2017-03-27,295.294799804688,273.862091064453,299.0478515625
"1183",2017-03-28,294.252105712891,268.591918945312,297.775238037109
"1184",2017-03-29,294.852325439453,266.554168701172,297.274810791016
"1185",2017-03-30,296.645690917969,266.059356689453,297.327484130859
"1186",2017-03-31,291.949493408203,267.441528320312,296.437255859375
"1187",2017-04-01,291.608306884766,272.476409912109,294.963684082031
"1188",2017-04-02,294.275115966797,273.922271728516,296.665618896484
"1189",2017-04-03,296.809112548828,271.923919677734,299.657867431641
"1190",2017-04-04,294.026184082031,268.622467041016,297.544677734375
"1191",2017-04-05,294.011108398438,262.841430664062,297.638519287109
"1192",2017-04-06,297.629638671875,267.35595703125,299.327056884766
"1193",2017-04-07,299.460571289062,267.461883544922,301.966705322266
"1194",2017-04-08,297.416717529297,267.594268798828,300.278961181641
"1195",2017-04-09,293.319976806641,268.607330322266,297.700714111328
"1196",2017-04-10,292.421630859375,262.678588867188,295.823974609375
"1197",2017-04-11,295.578155517578,258.976715087891,297.443084716797
"1198",2017-04-12,297.662322998047,268.344268798828,300.693634033203
"1199",2017-04-13,298.847076416016,273.417694091797,301.978668212891
"1200",2017-04-14,295.208129882812,275.049468994141,300.285339355469
"1201",2017-04-15,295.397918701172,269.704559326172,299.769622802734
"1202",2017-04-16,298.104461669922,269.853424072266,301.397308349609
"1203",2017-04-17,298.998687744141,270.729888916016,302.648651123047
"1204",2017-04-18,299.736846923828,279.318786621094,303.811065673828
"1205",2017-04-19,299.16357421875,277.754119873047,303.918579101562
"1206",2017-04-20,298.694091796875,268.865753173828,302.108642578125
"1207",2017-04-21,298.942779541016,268.909942626953,301.558258056641
"1208",2017-04-22,298.779022216797,266.882965087891,301.848388671875
"1209",2017-04-23,301.879638671875,269.423065185547,303.204040527344
"1210",2017-04-24,300.655914306641,271.739166259766,304.323089599609
"1211",2017-04-25,298.445037841797,276.191375732422,303.209777832031
"1212",2017-04-26,297.552978515625,271.348175048828,301.536956787109
"1213",2017-04-27,300.032470703125,276.208709716797,304.53857421875
"1214",2017-04-28,298.875885009766,269.163513183594,302.87939453125
"1215",2017-04-29,294.245208740234,265.155914306641,298.535675048828
"1216",2017-04-30,296.853973388672,265.189270019531,299.170501708984
"1217",2017-05-01,299.142059326172,264.675415039062,302.337615966797
"1218",2017-05-02,301.396331787109,270.872528076172,304.775054931641
"1219",2017-05-03,303.64208984375,272.132019042969,306.576507568359
"1220",2017-05-04,304.684204101562,274.612152099609,307.483825683594
"1221",2017-05-05,305.898254394531,273.237487792969,308.951080322266
"1222",2017-05-06,304.353698730469,276.707794189453,308.46923828125
"1223",2017-05-07,290.773956298828,274.90185546875,298.487548828125
"1224",2017-05-08,292.017578125,272.843322753906,298.189849853516
"1225",2017-05-09,292.309692382812,279.927062988281,298.757934570312
"1226",2017-05-10,291.845062255859,282.143859863281,297.016387939453
"1227",2017-05-11,296.279876708984,284.533264160156,300.028564453125
"1228",2017-05-12,301.275238037109,279.914886474609,304.496215820312
"1229",2017-05-13,300.873657226562,271.686187744141,305.399688720703
"1230",2017-05-14,299.330413818359,271.513397216797,303.441558837891
"1231",2017-05-15,296.9912109375,272.738555908203,302.558807373047
"1232",2017-05-16,292.543487548828,274.552520751953,298.871368408203
"1233",2017-05-17,295.949066162109,277.497039794922,301.221221923828
"1234",2017-05-18,296.979888916016,269.313659667969,301.491058349609
"1235",2017-05-19,296.054779052734,270.915802001953,300.261840820312
"1236",2017-05-20,299.981414794922,269.194488525391,303.067413330078
"1237",2017-05-21,303.542205810547,271.211517333984,305.936553955078
"1238",2017-05-22,305.349578857422,271.518920898438,308.264556884766
"1239",2017-05-23,307.343963623047,272.521820068359,309.490478515625
"1240",2017-05-24,307.339447021484,270.617523193359,309.9267578125
"1241",2017-05-25,305.042938232422,267.281097412109,308.825653076172
"1242",2017-05-26,300.705474853516,274.025177001953,306.276336669922
"1243",2017-05-27,301.741729736328,276.045684814453,306.488891601562
"1244",2017-05-28,302.901947021484,269.705322265625,307.181793212891
"1245",2017-05-29,305.200592041016,271.859191894531,309.404052734375
"1246",2017-05-30,305.894317626953,274.395782470703,309.891082763672
"1247",2017-05-31,303.813049316406,273.072265625,308.598846435547
"1248",2017-06-01,302.220764160156,273.818695068359,307.531402587891
"1249",2017-06-02,302.311065673828,276.408752441406,307.824829101562
"1250",2017-06-03,305.940612792969,275.893920898438,310.006958007812
"1251",2017-06-04,307.720092773438,277.756011962891,311.697357177734
"1252",2017-06-05,307.981903076172,277.848876953125,312.135040283203
"1253",2017-06-06,307.152130126953,277.028015136719,311.795623779297
"1254",2017-06-07,305.249328613281,273.350555419922,309.970916748047
"1255",2017-06-08,305.552154541016,273.778167724609,310.021636962891
"1256",2017-06-09,306.666290283203,273.800323486328,310.884674072266
"1257",2017-06-10,304.917449951172,279.815460205078,309.680541992188
"1258",2017-06-11,302.512786865234,275.285980224609,307.620574951172
"1259",2017-06-12,298.812408447266,274.952301025391,305.542144775391
"1260",2017-06-13,300.592376708984,266.992950439453,305.324340820312
"1261",2017-06-14,303.349090576172,267.298400878906,306.825408935547
"1262",2017-06-15,305.640106201172,269.437438964844,309.022766113281
"1263",2017-06-16,307.5908203125,268.545135498047,310.990234375
"1264",2017-06-17,308.488006591797,271.458129882812,312.493927001953
"1265",2017-06-18,309.552978515625,274.769744873047,313.416687011719
"1266",2017-06-19,311.794067382812,272.976470947266,315.443176269531
"1267",2017-06-20,314.139495849609,272.558563232422,317.163726806641
"1268",2017-06-21,313.700225830078,275.189697265625,317.081787109375
"1269",2017-06-22,311.808624267578,282.229461669922,316.263061523438
"1270",2017-06-23,310.702728271484,285.090850830078,315.976501464844
"1271",2017-06-24,312.3173828125,281.868804931641,316.6904296875
"1272",2017-06-25,313.388793945312,277.968353271484,316.851043701172
"1273",2017-06-26,312.568603515625,278.706146240234,316.714965820312
"1274",2017-06-27,310.774932861328,269.830841064453,315.095306396484
"1275",2017-06-28,308.970184326172,265.657287597656,313.513580322266
"1276",2017-06-29,308.213073730469,272.064086914062,312.690490722656
"1277",2017-06-30,307.823333740234,271.154937744141,312.792999267578
"1278",2017-07-01,308.9580078125,276.620269775391,313.591827392578
"1279",2017-07-02,308.14453125,275.030303955078,312.581726074219
"1280",2017-07-03,308.369903564453,280.645477294922,313.128540039062
"1281",2017-07-04,309.345123291016,279.408233642578,313.946990966797
"1282",2017-07-05,311.085723876953,281.498779296875,315.103881835938
"1283",2017-07-06,311.154235839844,284.4794921875,315.377349853516
"1284",2017-07-07,313.910186767578,283.292755126953,317.923736572266
"1285",2017-07-08,313.911468505859,281.721008300781,317.520751953125
"1286",2017-07-09,308.670989990234,290.570831298828,313.967956542969
"1287",2017-07-10,309.341064453125,289.673553466797,314.428924560547
"1288",2017-07-11,309.280181884766,288.66845703125,314.168914794922
"1289",2017-07-12,309.6279296875,288.244750976562,314.319854736328
"1290",2017-07-13,310.095001220703,288.055572509766,315.219757080078
"1291",2017-07-14,310.681884765625,288.039398193359,315.814086914062
"1292",2017-07-15,310.69921875,290.033111572266,316.043487548828
"1293",2017-07-16,308.299194335938,292.112426757812,314.455474853516
"1294",2017-07-17,308.875701904297,291.475738525391,314.541015625
"1295",2017-07-18,309.443634033203,290.684997558594,314.823333740234
"1296",2017-07-19,308.051239013672,291.367340087891,313.587158203125
"1297",2017-07-20,308.321197509766,290.575805664062,312.612762451172
"1298",2017-07-21,308.974273681641,289.069915771484,314.413665771484
"1299",2017-07-22,309.634490966797,287.820281982422,315.401397705078
"1300",2017-07-23,309.560028076172,288.320373535156,315.222442626953
"1301",2017-07-24,305.510467529297,291.57177734375,310.902587890625
"1302",2017-07-25,304.598114013672,295.709869384766,307.795288085938
"1303",2017-07-26,307.158355712891,290.661254882812,310.513336181641
"1304",2017-07-27,310.737579345703,285.022186279297,315.388854980469
"1305",2017-07-28,310.978607177734,285.714996337891,315.958984375
"1306",2017-07-29,309.010467529297,289.674438476562,313.829803466797
"1307",2017-07-30,306.932403564453,291.354919433594,312.748992919922
"1308",2017-07-31,309.574920654297,292.235565185547,314.46142578125
"1309",2017-08-01,310.218139648438,291.131011962891,315.46630859375
"1310",2017-08-02,307.268646240234,294.254913330078,311.772003173828
"1311",2017-08-03,304.494110107422,296.908966064453,307.888092041016
"1312",2017-08-04,305.109130859375,294.927825927734,307.963500976562
"1313",2017-08-05,307.314849853516,291.273620605469,309.728485107422
"1314",2017-08-06,307.535675048828,288.285552978516,310.466033935547
"1315",2017-08-07,308.022064208984,286.418670654297,311.917358398438
"1316",2017-08-08,309.172088623047,283.037689208984,313.931610107422
"1317",2017-08-09,309.787109375,283.196044921875,314.101104736328
"1318",2017-08-10,310.246368408203,287.11328125,314.569610595703
"1319",2017-08-11,306.764312744141,295.665191650391,310.732391357422
"1320",2017-08-12,308.846740722656,292.962921142578,311.752868652344
"1321",2017-08-13,307.446197509766,291.934112548828,311.646606445312
"1322",2017-08-14,308.938079833984,281.795837402344,312.987182617188
"1323",2017-08-15,305.412811279297,273.601837158203,309.890594482422
"1324",2017-08-16,304.751220703125,275.953277587891,309.243774414062
"1325",2017-08-17,305.868804931641,276.7490234375,310.415374755859
"1326",2017-08-18,307.044525146484,278.897247314453,311.555908203125
"1327",2017-08-19,307.59130859375,283.367034912109,311.900665283203
"1328",2017-08-20,307.701171875,286.011260986328,312.47216796875
"1329",2017-08-21,307.638793945312,285.849029541016,312.798553466797
"1330",2017-08-22,307.43896484375,283.031341552734,311.4013671875
"1331",2017-08-23,309.239105224609,287.478729248047,313.459930419922
"1332",2017-08-24,305.371612548828,291.646759033203,309.270568847656
"1333",2017-08-25,307.831024169922,289.326080322266,311.656921386719
"1334",2017-08-26,309.641265869141,283.219635009766,313.041473388672
"1335",2017-08-27,310.458343505859,286.649749755859,313.914154052734
"1336",2017-08-28,311.891021728516,283.137420654297,315.297027587891
"1337",2017-08-29,311.186859130859,282.859771728516,314.657470703125
"1338",2017-08-30,310.585968017578,284.125823974609,314.739715576172
"1339",2017-08-31,310.91015625,281.878326416016,314.570434570312
"1340",2017-09-01,308.975006103516,284.343627929688,313.350006103516
"1341",2017-09-02,309.071411132812,288.015777587891,314.202392578125
"1342",2017-09-03,306.000762939453,292.633819580078,313.068664550781
"1343",2017-09-04,303.926544189453,293.145172119141,310.545867919922
"1344",2017-09-05,307.632568359375,287.259918212891,312.287261962891
"1345",2017-09-06,309.461273193359,285.093170166016,313.347930908203
"1346",2017-09-07,308.897247314453,284.535888671875,313.085418701172
"1347",2017-09-08,304.797698974609,290.371826171875,309.508392333984
"1348",2017-09-09,300.294403076172,294.237640380859,304.986999511719
"1349",2017-09-10,301.554656982422,292.574127197266,302.767059326172
"1350",2017-09-11,305.336029052734,293.665618896484,304.679779052734
"1351",2017-09-12,304.764739990234,292.199371337891,304.170776367188
"1352",2017-09-13,305.268280029297,291.952423095703,304.6708984375
"1353",2017-09-14,303.483489990234,284.347412109375,305.113952636719
"1354",2017-09-15,301.291046142578,283.047119140625,304.915313720703
"1355",2017-09-16,301.814331054688,281.274078369141,305.618774414062
"1356",2017-09-17,302.810821533203,283.712158203125,306.622039794922
"1357",2017-09-18,302.736846923828,280.861846923828,306.078491210938
"1358",2017-09-19,302.936248779297,280.230682373047,306.172912597656
"1359",2017-09-20,302.580657958984,280.557189941406,305.769897460938
"1360",2017-09-21,302.364593505859,281.000640869141,305.684722900391
"1361",2017-09-22,297.1357421875,275.97119140625,302.518310546875
"1362",2017-09-23,295.598266601562,269.269256591797,300.098602294922
"1363",2017-09-24,295.733276367188,270.702301025391,299.418121337891
"1364",2017-09-25,295.617401123047,269.794799804688,298.323455810547
"1365",2017-09-26,296.943756103516,268.120880126953,299.006713867188
"1366",2017-09-27,299.077880859375,271.247192382812,300.356506347656
"1367",2017-09-28,300.233612060547,271.730072021484,300.727447509766
"1368",2017-09-29,301.452667236328,275.051361083984,302.180450439453
"1369",2017-09-30,301.386535644531,273.749542236328,302.144683837891
"1370",2017-10-01,301.477996826172,275.370483398438,303.243011474609
"1371",2017-10-02,300.595642089844,275.695617675781,303.653991699219
"1372",2017-10-03,298.271118164062,274.688629150391,300.176971435547
"1373",2017-10-04,299.210601806641,282.320098876953,302.126312255859
"1374",2017-10-05,299.587677001953,272.661560058594,301.189300537109
"1375",2017-10-06,300.045562744141,266.916717529297,299.727966308594
"1376",2017-10-07,298.595123291016,268.981781005859,300.253936767578
"1377",2017-10-08,298.768218994141,268.313659667969,298.971618652344
"1378",2017-10-09,298.108917236328,267.405975341797,300.288330078125
"1379",2017-10-10,294.740264892578,265.01025390625,297.305755615234
"1380",2017-10-11,297.512115478516,268.010101318359,298.151214599609
"1381",2017-10-12,297.722564697266,269.995971679688,299.345947265625
"1382",2017-10-13,298.956939697266,270.699493408203,298.915191650391
"1383",2017-10-14,299.337677001953,269.915191650391,298.764190673828
"1384",2017-10-15,296.275177001953,267.895660400391,297.804565429688
"1385",2017-10-16,297.922332763672,266.260406494141,297.625396728516
"1386",2017-10-17,299.87060546875,266.689788818359,298.861419677734
"1387",2017-10-18,301.112091064453,265.632720947266,299.442779541016
"1388",2017-10-19,301.194671630859,269.050140380859,300.928070068359
"1389",2017-10-20,298.716094970703,279.694122314453,301.037353515625
"1390",2017-10-21,295.488494873047,273.679229736328,298.252777099609
"1391",2017-10-22,294.704772949219,264.761077880859,296.326171875
"1392",2017-10-23,298.681091308594,268.218902587891,297.634613037109
"1393",2017-10-24,300.602508544922,272.735321044922,300.535827636719
"1394",2017-10-25,299.180297851562,271.145965576172,299.854156494141
"1395",2017-10-26,299.477203369141,267.913299560547,298.322418212891
"1396",2017-10-27,298.003143310547,269.631622314453,297.035064697266
"1397",2017-10-28,297.347869873047,271.474945068359,296.792694091797
"1398",2017-10-29,298.603790283203,270.903106689453,297.492248535156
"1399",2017-10-30,297.126342773438,274.547241210938,298.047821044922
"1400",2017-10-31,295.661071777344,279.630126953125,297.416168212891
"1401",2017-11-01,295.217803955078,283.740295410156,297.207061767578
"1402",2017-11-02,294.924102783203,284.416900634766,297.407318115234
"1403",2017-11-03,293.824523925781,281.494720458984,296.109924316406
"1404",2017-11-04,295.048248291016,278.335784912109,296.449554443359
"1405",2017-11-05,294.084136962891,278.688568115234,296.114501953125
"1406",2017-11-06,294.107269287109,279.629638671875,295.625183105469
"1407",2017-11-07,295.506866455078,279.228485107422,296.654693603516
"1408",2017-11-08,293.543304443359,278.070587158203,293.549438476562
"1409",2017-11-09,294.478363037109,278.111999511719,295.406646728516
"1410",2017-11-10,293.536468505859,275.343170166016,293.885437011719
"1411",2017-11-11,293.118103027344,272.940765380859,293.802093505859
"1412",2017-11-12,293.509124755859,272.272491455078,292.075225830078
"1413",2017-11-13,294.449493408203,272.105804443359,293.267333984375
"1414",2017-11-14,293.852508544922,269.680877685547,291.769927978516
"1415",2017-11-15,293.558013916016,271.471954345703,291.347686767578
"1416",2017-11-16,293.258697509766,274.010040283203,292.028839111328
"1417",2017-11-17,295.958190917969,276.866241455078,295.074127197266
"1418",2017-11-18,291.516510009766,271.144134521484,291.987213134766
"1419",2017-11-19,287.596496582031,266.413330078125,288.194122314453
"1420",2017-11-20,289.197967529297,262.468597412109,287.168670654297
"1421",2017-11-21,290.566101074219,262.795257568359,288.765899658203
"1422",2017-11-22,294.487701416016,270.413909912109,291.929565429688
"1423",2017-11-23,296.496063232422,273.503173828125,293.962432861328
"1424",2017-11-24,295.734222412109,274.829193115234,292.825500488281
"1425",2017-11-25,295.073974609375,275.539520263672,292.487670898438
"1426",2017-11-26,294.444915771484,276.48681640625,291.889526367188
"1427",2017-11-27,293.554656982422,274.877471923828,291.704559326172
"1428",2017-11-28,290.213134765625,272.317230224609,291.289093017578
"1429",2017-11-29,289.680755615234,272.530181884766,289.548583984375
"1430",2017-11-30,289.965972900391,272.493316650391,288.533538818359
"1431",2017-12-01,292.121002197266,272.782592773438,291.044525146484
"1432",2017-12-02,291.231536865234,272.8369140625,290.804473876953
"1433",2017-12-03,292.002960205078,273.272613525391,291.235076904297
"1434",2017-12-04,289.202392578125,265.609405517578,290.264923095703
"1435",2017-12-05,284.027130126953,262.331634521484,285.058258056641
"1436",2017-12-06,285.3466796875,262.516998291016,285.382904052734
"1437",2017-12-07,286.672882080078,262.792755126953,287.051849365234
"1438",2017-12-08,285.668060302734,261.319213867188,285.556854248047
"1439",2017-12-09,286.732635498047,263.612060546875,284.501556396484
"1440",2017-12-10,286.867828369141,264.280670166016,286.198699951172
"1441",2017-12-11,288.058502197266,262.535400390625,287.372711181641
"1442",2017-12-12,286.940216064453,260.274261474609,284.833709716797
"1443",2017-12-13,288.552215576172,259.530822753906,285.417877197266
"1444",2017-12-14,288.102142333984,263.443878173828,284.441528320312
"1445",2017-12-15,287.326690673828,266.109130859375,287.224212646484
"1446",2017-12-16,285.666473388672,263.006072998047,285.253295898438
"1447",2017-12-17,285.657379150391,266.639862060547,285.938385009766
"1448",2017-12-18,285.952301025391,265.545715332031,285.236694335938
"1449",2017-12-19,285.30322265625,262.922332763672,282.932098388672
"1450",2017-12-20,284.861206054688,264.556579589844,284.107330322266
"1451",2017-12-21,285.19873046875,265.051513671875,286.172698974609
"1452",2017-12-22,281.051940917969,262.105651855469,281.377410888672
"1453",2017-12-23,281.651611328125,263.166778564453,280.614471435547
"1454",2017-12-24,283.800506591797,263.761322021484,281.292297363281
"1455",2017-12-25,284.688812255859,259.995697021484,282.290679931641
"1456",2017-12-26,284.775299072266,260.976287841797,281.95166015625
"1457",2017-12-27,286.861724853516,265.695678710938,283.840148925781
"1458",2017-12-28,287.272125244141,266.957336425781,283.65625
"1459",2017-12-29,288.520355224609,265.070129394531,284.689361572266
"1460",2017-12-30,288.532287597656,262.259979248047,284.465850830078
"1461",2017-12-31,287.117034912109,263.503082275391,284.337615966797
"1462",2018-01-01,287.09619140625,264.288513183594,284.018402099609
"1463",2018-01-02,288.572814941406,267.160095214844,285.461700439453
"1464",2018-01-03,287.300140380859,266.716430664062,285.756744384766
"1465",2018-01-04,289.582611083984,264.581970214844,287.742309570312
"1466",2018-01-05,290.365203857422,262.118927001953,287.447784423828
"1467",2018-01-06,291.185546875,266.482482910156,288.875305175781
"1468",2018-01-07,291.233551025391,274.617156982422,290.595367431641
"1469",2018-01-08,290.812438964844,275.445892333984,289.831634521484
"1470",2018-01-09,291.662933349609,279.408843994141,291.602416992188
"1471",2018-01-10,286.750762939453,281.423797607422,288.561187744141
"1472",2018-01-11,287.041229248047,280.553466796875,286.447448730469
"1473",2018-01-12,287.421081542969,280.443908691406,286.274383544922
"1474",2018-01-13,287.771179199219,278.677490234375,286.834106445312
"1475",2018-01-14,289.124755859375,277.221832275391,288.313812255859
"1476",2018-01-15,289.105285644531,275.284301757812,287.93994140625
"1477",2018-01-16,289.895324707031,275.388519287109,288.461822509766
"1478",2018-01-17,288.072174072266,277.135589599609,288.988647460938
"1479",2018-01-18,290.063171386719,275.961212158203,289.460906982422
"1480",2018-01-19,289.567504882812,271.278686523438,289.611236572266
"1481",2018-01-20,289.666381835938,273.398681640625,291.281646728516
"1482",2018-01-21,284.022033691406,265.90478515625,285.145904541016
"1483",2018-01-22,282.281860351562,264.526611328125,283.895202636719
"1484",2018-01-23,283.853973388672,264.152252197266,284.155548095703
"1485",2018-01-24,286.488128662109,264.550872802734,285.505523681641
"1486",2018-01-25,286.821166992188,257.345275878906,285.262054443359
"1487",2018-01-26,287.295196533203,269.922332763672,287.819793701172
"1488",2018-01-27,285.169616699219,261.696472167969,285.187469482422
"1489",2018-01-28,287.131317138672,262.953735351562,286.753601074219
"1490",2018-01-29,291.375854492188,267.437927246094,290.938079833984
"1491",2018-01-30,291.039703369141,267.884094238281,290.209899902344
"1492",2018-01-31,291.631134033203,267.199829101562,289.317016601562
"1493",2018-02-01,291.283294677734,267.695556640625,288.975769042969
"1494",2018-02-02,290.982574462891,269.953399658203,289.374114990234
"1495",2018-02-03,292.027862548828,269.892700195312,289.912902832031
"1496",2018-02-04,292.813629150391,271.513061523438,291.038238525391
"1497",2018-02-05,293.021514892578,273.386199951172,290.672332763672
"1498",2018-02-06,292.065002441406,271.823455810547,291.858734130859
"1499",2018-02-07,290.888916015625,264.207916259766,291.945220947266
"1500",2018-02-08,290.933319091797,265.502960205078,290.041717529297
"1501",2018-02-09,293.576080322266,266.5771484375,290.794921875
"1502",2018-02-10,292.909515380859,270.119903564453,292.729400634766
"1503",2018-02-11,290.585815429688,264.356475830078,292.787200927734
"1504",2018-02-12,289.647552490234,268.037689208984,291.092926025391
"1505",2018-02-13,289.507629394531,277.774353027344,291.491577148438
"1506",2018-02-14,289.176788330078,278.777679443359,291.0869140625
"1507",2018-02-15,289.024353027344,280.836853027344,291.543975830078
"1508",2018-02-16,288.725769042969,271.777984619141,290.358001708984
"1509",2018-02-17,288.377716064453,269.102478027344,289.156372070312
"1510",2018-02-18,290.065002441406,270.997650146484,290.96533203125
"1511",2018-02-19,289.763885498047,273.416015625,292.328460693359
"1512",2018-02-20,282.135070800781,257.737762451172,284.987854003906
"1513",2018-02-21,282.576171875,249.893447875977,283.795318603516
"1514",2018-02-22,282.859771728516,258.525543212891,284.572845458984
"1515",2018-02-23,284.993408203125,272.473388671875,287.655456542969
"1516",2018-02-24,282.166961669922,262.121215820312,284.8984375
"1517",2018-02-25,283.451385498047,254.275741577148,285.102081298828
"1518",2018-02-26,285.16357421875,257.268951416016,285.163513183594
"1519",2018-02-27,285.943481445312,266.597351074219,287.593322753906
"1520",2018-02-28,282.263885498047,269.754486083984,284.642364501953
"1521",2018-03-01,285.742462158203,268.7744140625,288.469085693359
"1522",2018-03-02,288.843139648438,265.667358398438,290.679656982422
"1523",2018-03-03,290.582305908203,270.248016357422,292.129913330078
"1524",2018-03-04,288.458679199219,273.290740966797,291.950958251953
"1525",2018-03-05,286.505187988281,260.344146728516,288.840850830078
"1526",2018-03-06,288.718292236328,256.939605712891,290.468383789062
"1527",2018-03-07,290.186218261719,254.597885131836,290.432952880859
"1528",2018-03-08,292.428039550781,259.771697998047,292.072021484375
"1529",2018-03-09,293.161407470703,261.822174072266,293.314056396484
"1530",2018-03-10,294.708404541016,278.266143798828,296.203094482422
"1531",2018-03-11,291.287445068359,285.312957763672,293.347991943359
"1532",2018-03-12,293.497192382812,284.019287109375,295.089874267578
"1533",2018-03-13,296.408020019531,280.007995605469,297.231201171875
"1534",2018-03-14,296.606506347656,279.673919677734,298.940521240234
"1535",2018-03-15,290.651336669922,275.943206787109,294.271636962891
"1536",2018-03-16,289.455657958984,270.592315673828,292.759674072266
"1537",2018-03-17,288.660125732422,272.826721191406,292.375762939453
"1538",2018-03-18,287.519805908203,272.214385986328,291.83935546875
"1539",2018-03-19,289.234832763672,263.603057861328,292.293060302734
"1540",2018-03-20,291.708129882812,258.796539306641,292.964233398438
"1541",2018-03-21,294.852142333984,263.453765869141,296.591033935547
"1542",2018-03-22,296.968353271484,273.104766845703,298.407043457031
"1543",2018-03-23,295.128936767578,280.235931396484,297.971954345703
"1544",2018-03-24,294.688812255859,269.586059570312,297.540435791016
"1545",2018-03-25,290.886047363281,271.383819580078,295.503509521484
"1546",2018-03-26,290.025756835938,267.850738525391,294.400604248047
"1547",2018-03-27,291.133148193359,261.479156494141,294.221527099609
"1548",2018-03-28,292.376037597656,261.266998291016,293.709564208984
"1549",2018-03-29,295.697204589844,269.978240966797,296.927886962891
"1550",2018-03-30,298.274383544922,269.693359375,298.904663085938
"1551",2018-03-31,298.642669677734,269.117523193359,300.140686035156
"1552",2018-04-01,299.341278076172,270.483795166016,301.589141845703
"1553",2018-04-02,298.033477783203,268.582489013672,300.594146728516
"1554",2018-04-03,296.90576171875,276.443145751953,301.506256103516
"1555",2018-04-04,297.477874755859,272.7763671875,300.502563476562
"1556",2018-04-05,298.911834716797,274.230407714844,301.736236572266
"1557",2018-04-06,300.239044189453,272.941711425781,303.744140625
"1558",2018-04-07,301.750915527344,281.975067138672,305.547424316406
"1559",2018-04-08,301.086334228516,280.108245849609,305.351470947266
"1560",2018-04-09,298.870391845703,262.785736083984,300.880584716797
"1561",2018-04-10,300.165374755859,265.769897460938,301.7861328125
"1562",2018-04-11,301.711395263672,267.967437744141,303.715728759766
"1563",2018-04-12,299.339508056641,271.913146972656,303.831359863281
"1564",2018-04-13,292.86328125,260.369110107422,297.438873291016
"1565",2018-04-14,293.006408691406,261.111358642578,296.086212158203
"1566",2018-04-15,296.434051513672,261.681701660156,298.729156494141
"1567",2018-04-16,298.5986328125,262.495819091797,300.996917724609
"1568",2018-04-17,291.515533447266,268.909515380859,296.862609863281
"1569",2018-04-18,292.276824951172,264.113098144531,296.384429931641
"1570",2018-04-19,293.720367431641,267.568939208984,298.014739990234
"1571",2018-04-20,291.743927001953,272.008056640625,295.943328857422
"1572",2018-04-21,296.776031494141,270.260589599609,300.310302734375
"1573",2018-04-22,300.298431396484,270.052337646484,303.190032958984
"1574",2018-04-23,301.252685546875,270.256134033203,304.737243652344
"1575",2018-04-24,302.109527587891,271.251007080078,305.795684814453
"1576",2018-04-25,302.402709960938,270.885101318359,306.209686279297
"1577",2018-04-26,302.640106201172,269.860198974609,306.252227783203
"1578",2018-04-27,303.266326904297,272.1875,306.700103759766
"1579",2018-04-28,301.707733154297,269.486877441406,305.700469970703
"1580",2018-04-29,299.176635742188,273.387451171875,304.285552978516
"1581",2018-04-30,296.038055419922,276.247039794922,301.80859375
"1582",2018-05-01,293.124420166016,277.286865234375,299.496612548828
"1583",2018-05-02,290.020233154297,275.835296630859,296.746185302734
"1584",2018-05-03,293.837249755859,276.492950439453,299.290283203125
"1585",2018-05-04,299.565643310547,272.4970703125,302.404205322266
"1586",2018-05-05,304.157012939453,269.344573974609,305.681274414062
"1587",2018-05-06,305.792297363281,266.326782226562,308.325653076172
"1588",2018-05-07,306.151092529297,270.204315185547,309.833099365234
"1589",2018-05-08,304.450897216797,266.261016845703,308.039642333984
"1590",2018-05-09,305.684112548828,270.556549072266,309.33349609375
"1591",2018-05-10,306.242401123047,273.988677978516,309.641845703125
"1592",2018-05-11,304.266143798828,273.396881103516,308.201263427734
"1593",2018-05-12,298.096405029297,275.983245849609,304.322540283203
"1594",2018-05-13,297.705230712891,276.505340576172,303.646209716797
"1595",2018-05-14,298.507232666016,273.036254882812,303.930419921875
"1596",2018-05-15,300.265991210938,270.350616455078,304.932037353516
"1597",2018-05-16,301.766265869141,266.797149658203,305.357208251953
"1598",2018-05-17,302.134429931641,269.609771728516,306.505401611328
"1599",2018-05-18,300.709136962891,273.809204101562,306.243804931641
"1600",2018-05-19,301.693237304688,276.375457763672,306.821563720703
"1601",2018-05-20,302.009918212891,276.183471679688,306.837982177734
"1602",2018-05-21,301.244781494141,277.612609863281,306.100616455078
"1603",2018-05-22,300.028381347656,276.765991210938,305.690521240234
"1604",2018-05-23,299.645477294922,276.756439208984,305.585693359375
"1605",2018-05-24,301.471466064453,275.642791748047,306.930450439453
"1606",2018-05-25,302.245788574219,273.220947265625,307.173248291016
"1607",2018-05-26,298.400238037109,277.151336669922,304.637573242188
"1608",2018-05-27,298.898010253906,278.037872314453,305.116973876953
"1609",2018-05-28,302.383972167969,276.066986083984,307.637725830078
"1610",2018-05-29,304.743377685547,276.069976806641,310.052459716797
"1611",2018-05-30,305.285675048828,277.071746826172,310.778961181641
"1612",2018-05-31,303.925323486328,277.712860107422,308.926483154297
"1613",2018-06-01,302.707733154297,272.737091064453,308.176361083984
"1614",2018-06-02,304.430389404297,269.680694580078,308.673004150391
"1615",2018-06-03,306.407897949219,271.250579833984,310.843231201172
"1616",2018-06-04,308.451782226562,272.39501953125,312.126190185547
"1617",2018-06-05,306.001556396484,276.695068359375,310.566772460938
"1618",2018-06-06,305.750213623047,276.7509765625,310.838562011719
"1619",2018-06-07,306.156127929688,273.887908935547,310.803924560547
"1620",2018-06-08,306.017669677734,269.293670654297,310.626892089844
"1621",2018-06-09,307.273956298828,270.628997802734,310.959594726562
"1622",2018-06-10,306.153839111328,274.147430419922,311.482330322266
"1623",2018-06-11,306.310516357422,273.446807861328,310.907257080078
"1624",2018-06-12,307.692230224609,273.752227783203,312.193695068359
"1625",2018-06-13,308.473297119141,274.037872314453,313.194183349609
"1626",2018-06-14,310.134857177734,276.009216308594,314.09375
"1627",2018-06-15,307.388305664062,283.553558349609,311.062438964844
"1628",2018-06-16,302.865417480469,289.766387939453,307.303619384766
"1629",2018-06-17,303.161407470703,283.693450927734,307.799621582031
"1630",2018-06-18,303.329193115234,274.644195556641,308.850555419922
"1631",2018-06-19,304.211517333984,268.298614501953,309.454193115234
"1632",2018-06-20,306.609252929688,274.3740234375,311.232696533203
"1633",2018-06-21,308.036315917969,275.148773193359,312.705200195312
"1634",2018-06-22,309.174621582031,275.374755859375,313.169586181641
"1635",2018-06-23,308.965942382812,280.6904296875,313.232025146484
"1636",2018-06-24,306.484283447266,281.444274902344,311.723846435547
"1637",2018-06-25,307.183349609375,278.738403320312,312.325439453125
"1638",2018-06-26,307.782958984375,273.858947753906,312.128662109375
"1639",2018-06-27,308.294647216797,271.498870849609,312.067047119141
"1640",2018-06-28,308.335174560547,276.900390625,312.142547607422
"1641",2018-06-29,307.00732421875,274.171905517578,311.579315185547
"1642",2018-06-30,305.54833984375,275.112152099609,310.593078613281
"1643",2018-07-01,306.4501953125,277.996063232422,312.423278808594
"1644",2018-07-02,308.042938232422,275.400451660156,312.9921875
"1645",2018-07-03,308.039947509766,275.986053466797,312.145385742188
"1646",2018-07-04,307.064361572266,278.342041015625,311.692596435547
"1647",2018-07-05,308.787139892578,278.467926025391,313.667572021484
"1648",2018-07-06,312.493438720703,276.798950195312,315.235961914062
"1649",2018-07-07,311.919708251953,286.748413085938,316.324188232422
"1650",2018-07-08,310.698638916016,287.980255126953,315.523406982422
"1651",2018-07-09,308.960113525391,289.412689208984,314.306060791016
"1652",2018-07-10,304.682006835938,294.046966552734,310.860809326172
"1653",2018-07-11,304.101684570312,295.331359863281,308.977172851562
"1654",2018-07-12,305.199676513672,295.357635498047,308.869781494141
"1655",2018-07-13,306.256317138672,293.800018310547,310.655364990234
"1656",2018-07-14,309.776580810547,289.404327392578,313.812652587891
"1657",2018-07-15,310.279418945312,288.437927246094,315.198822021484
"1658",2018-07-16,310.393463134766,288.113494873047,315.08544921875
"1659",2018-07-17,310.089538574219,289.951324462891,315.236846923828
"1660",2018-07-18,308.296112060547,293.163360595703,314.799713134766
"1661",2018-07-19,308.484741210938,291.802581787109,315.094512939453
"1662",2018-07-20,309.834625244141,289.669525146484,315.955047607422
"1663",2018-07-21,308.296905517578,287.637359619141,314.007934570312
"1664",2018-07-22,306.295227050781,288.999237060547,311.704711914062
"1665",2018-07-23,311.801818847656,285.921752929688,316.588470458984
"1666",2018-07-24,313.76708984375,282.908599853516,318.406036376953
"1667",2018-07-25,313.101165771484,284.631011962891,317.463439941406
"1668",2018-07-26,312.364654541016,286.763214111328,316.998748779297
"1669",2018-07-27,312.785919189453,287.598388671875,317.625366210938
"1670",2018-07-28,310.7275390625,290.224822998047,316.437866210938
"1671",2018-07-29,309.521575927734,290.252655029297,316.040283203125
"1672",2018-07-30,308.853637695312,292.844848632812,314.784454345703
"1673",2018-07-31,310.062591552734,291.138916015625,315.150421142578
"1674",2018-08-01,311.081787109375,290.736785888672,316.087066650391
"1675",2018-08-02,309.268890380859,292.932983398438,313.997589111328
"1676",2018-08-03,308.048370361328,291.526733398438,311.721466064453
"1677",2018-08-04,311.674224853516,286.89892578125,315.709381103516
"1678",2018-08-05,311.835662841797,283.732818603516,316.259033203125
"1679",2018-08-06,311.210113525391,280.665496826172,315.297515869141
"1680",2018-08-07,311.679412841797,286.185028076172,316.863372802734
"1681",2018-08-08,308.816711425781,291.177032470703,315.287841796875
"1682",2018-08-09,308.483673095703,291.343414306641,314.334625244141
"1683",2018-08-10,308.040740966797,292.034759521484,313.200134277344
"1684",2018-08-11,308.911285400391,287.783172607422,314.899993896484
"1685",2018-08-12,309.024444580078,289.517761230469,315.228607177734
"1686",2018-08-13,307.697601318359,290.456665039062,313.036499023438
"1687",2018-08-14,308.495025634766,290.403045654297,313.936065673828
"1688",2018-08-15,307.310760498047,290.291290283203,312.811431884766
"1689",2018-08-16,305.350158691406,295.902557373047,311.199981689453
"1690",2018-08-17,304.941253662109,295.22412109375,309.830047607422
"1691",2018-08-18,308.520874023438,291.821685791016,312.748779296875
"1692",2018-08-19,310.262847900391,289.739715576172,314.751495361328
"1693",2018-08-20,310.769317626953,289.262084960938,315.126190185547
"1694",2018-08-21,308.32958984375,292.171539306641,312.134918212891
"1695",2018-08-22,307.122711181641,293.210357666016,310.670837402344
"1696",2018-08-23,308.009887695312,290.114166259766,311.814575195312
"1697",2018-08-24,308.498260498047,287.247467041016,313.380523681641
"1698",2018-08-25,308.618377685547,289.067230224609,313.339447021484
"1699",2018-08-26,308.743865966797,283.219848632812,313.158477783203
"1700",2018-08-27,307.980346679688,281.112213134766,311.996490478516
"1701",2018-08-28,307.122283935547,278.377410888672,310.786102294922
"1702",2018-08-29,306.205322265625,278.24169921875,309.961547851562
"1703",2018-08-30,306.946502685547,280.770416259766,310.688812255859
"1704",2018-08-31,307.042144775391,287.567626953125,311.325561523438
"1705",2018-09-01,307.928802490234,284.538330078125,311.776489257812
"1706",2018-09-02,306.427398681641,286.874114990234,311.022918701172
"1707",2018-09-03,304.699615478516,285.69921875,309.364349365234
"1708",2018-09-04,304.654418945312,281.82470703125,309.095672607422
"1709",2018-09-05,305.869018554688,280.498107910156,310.290618896484
"1710",2018-09-06,307.117523193359,285.717529296875,311.820831298828
"1711",2018-09-07,308.942657470703,282.952972412109,312.251342773438
"1712",2018-09-08,310.020355224609,280.392303466797,313.043395996094
"1713",2018-09-09,308.693450927734,286.425445556641,312.78173828125
"1714",2018-09-10,307.389190673828,285.883331298828,311.165008544922
"1715",2018-09-11,306.466247558594,278.826080322266,309.510009765625
"1716",2018-09-12,306.480499267578,270.892791748047,309.706939697266
"1717",2018-09-13,305.715209960938,270.491729736328,309.009307861328
"1718",2018-09-14,306.342315673828,268.306640625,308.427368164062
"1719",2018-09-15,307.863494873047,274.203399658203,309.929321289062
"1720",2018-09-16,307.962646484375,287.790954589844,311.618865966797
"1721",2018-09-17,307.731170654297,282.812194824219,310.996734619141
"1722",2018-09-18,307.486785888672,278.397979736328,310.52880859375
"1723",2018-09-19,305.525726318359,289.497283935547,309.626007080078
"1724",2018-09-20,302.343231201172,292.025177001953,307.208862304688
"1725",2018-09-21,305.239868164062,288.952758789062,309.472991943359
"1726",2018-09-22,306.925567626953,284.018493652344,310.325439453125
"1727",2018-09-23,307.590118408203,281.441070556641,310.489654541016
"1728",2018-09-24,306.731018066406,284.0263671875,310.214141845703
"1729",2018-09-25,304.840728759766,276.72509765625,308.427520751953
"1730",2018-09-26,304.541412353516,281.575225830078,307.889678955078
"1731",2018-09-27,305.123046875,279.602325439453,307.096160888672
"1732",2018-09-28,305.237457275391,278.127960205078,307.128356933594
"1733",2018-09-29,305.749542236328,280.789276123047,308.504852294922
"1734",2018-09-30,304.310455322266,285.010162353516,307.199340820312
"1735",2018-10-01,299.865539550781,290.594268798828,303.561401367188
"1736",2018-10-02,298.13623046875,293.934844970703,300.469329833984
"1737",2018-10-03,299.163848876953,294.104797363281,300.460327148438
"1738",2018-10-04,298.025909423828,290.693817138672,300.214874267578
"1739",2018-10-05,297.057281494141,287.274017333984,298.711151123047
"1740",2018-10-06,296.969787597656,285.817169189453,297.529022216797
"1741",2018-10-07,294.658416748047,284.944732666016,296.995239257812
"1742",2018-10-08,292.89208984375,280.333679199219,294.792449951172
"1743",2018-10-09,293.868499755859,276.40869140625,295.544952392578
"1744",2018-10-10,297.156372070312,280.350158691406,298.964599609375
"1745",2018-10-11,297.686279296875,285.494110107422,300.216705322266
"1746",2018-10-12,296.160339355469,286.195220947266,298.782470703125
"1747",2018-10-13,294.991577148438,289.756652832031,297.828918457031
"1748",2018-10-14,293.231964111328,288.479064941406,295.769226074219
"1749",2018-10-15,291.627166748047,273.391326904297,293.075958251953
"1750",2018-10-16,291.003692626953,271.084045410156,292.330413818359
"1751",2018-10-17,291.407562255859,278.663055419922,293.715087890625
"1752",2018-10-18,293.208221435547,278.632690429688,294.79345703125
"1753",2018-10-19,295.465240478516,277.297729492188,296.762542724609
"1754",2018-10-20,297.310485839844,276.841888427734,298.121734619141
"1755",2018-10-21,300.251831054688,283.639007568359,301.214813232422
"1756",2018-10-22,298.307220458984,280.843566894531,300.801727294922
"1757",2018-10-23,298.021087646484,281.598571777344,300.539733886719
"1758",2018-10-24,297.93505859375,282.276306152344,300.234130859375
"1759",2018-10-25,298.23974609375,278.232269287109,299.098510742188
"1760",2018-10-26,298.320526123047,274.933227539062,298.357788085938
"1761",2018-10-27,298.858428955078,273.240447998047,297.459594726562
"1762",2018-10-28,297.273071289062,272.484069824219,297.182556152344
"1763",2018-10-29,297.394561767578,274.044067382812,297.565826416016
"1764",2018-10-30,296.651336669922,278.621917724609,298.028717041016
"1765",2018-10-31,293.971771240234,266.487976074219,295.844909667969
"1766",2018-11-01,291.811340332031,265.086791992188,292.618743896484
"1767",2018-11-02,293.729583740234,272.53515625,294.027191162109
"1768",2018-11-03,295.200042724609,272.957275390625,294.595367431641
"1769",2018-11-04,294.677886962891,269.009643554688,295.039031982422
"1770",2018-11-05,293.802520751953,267.720520019531,294.232147216797
"1771",2018-11-06,294.234985351562,273.053100585938,295.415191650391
"1772",2018-11-07,295.131469726562,276.130401611328,295.108978271484
"1773",2018-11-08,293.345611572266,272.003540039062,293.975616455078
"1774",2018-11-09,290.317932128906,261.544860839844,292.323913574219
"1775",2018-11-10,289.545501708984,261.846862792969,289.764617919922
"1776",2018-11-11,288.838989257812,259.161712646484,287.913299560547
"1777",2018-11-12,286.593048095703,260.566833496094,287.433807373047
"1778",2018-11-13,285.376678466797,257.945404052734,286.658843994141
"1779",2018-11-14,285.973724365234,259.056030273438,285.597686767578
"1780",2018-11-15,288.167572021484,260.502868652344,285.963195800781
"1781",2018-11-16,289.426452636719,261.867950439453,287.633758544922
"1782",2018-11-17,289.020202636719,262.519836425781,287.361968994141
"1783",2018-11-18,289.304656982422,263.152557373047,288.394561767578
"1784",2018-11-19,289.121459960938,269.413299560547,287.852813720703
"1785",2018-11-20,289.301422119141,268.480987548828,289.200897216797
"1786",2018-11-21,289.744384765625,262.152984619141,288.537628173828
"1787",2018-11-22,290.188659667969,272.508605957031,290.399932861328
"1788",2018-11-23,288.805328369141,275.988647460938,289.399963378906
"1789",2018-11-24,288.542327880859,274.129730224609,289.347686767578
"1790",2018-11-25,289.559173583984,277.242584228516,289.569122314453
"1791",2018-11-26,288.316528320312,267.5986328125,288.918914794922
"1792",2018-11-27,287.761566162109,264.369476318359,287.086547851562
"1793",2018-11-28,288.430358886719,266.658538818359,287.534637451172
"1794",2018-11-29,289.915069580078,274.451904296875,289.644989013672
"1795",2018-11-30,288.576965332031,279.365539550781,290.287261962891
"1796",2018-12-01,287.157623291016,275.894714355469,288.278747558594
"1797",2018-12-02,287.101654052734,274.303863525391,288.743438720703
"1798",2018-12-03,284.059906005859,264.550201416016,284.644653320312
"1799",2018-12-04,284.078765869141,261.904663085938,283.888153076172
"1800",2018-12-05,283.941375732422,265.739929199219,283.839233398438
"1801",2018-12-06,286.120758056641,274.027679443359,287.158843994141
"1802",2018-12-07,287.815643310547,283.712829589844,288.636688232422
"1803",2018-12-08,287.013305664062,282.420867919922,286.887817382812
"1804",2018-12-09,287.595977783203,282.020416259766,286.405822753906
"1805",2018-12-10,286.994018554688,280.370513916016,286.259674072266
"1806",2018-12-11,287.623870849609,278.186981201172,286.005676269531
"1807",2018-12-12,287.194549560547,273.80810546875,284.248992919922
"1808",2018-12-13,285.701354980469,268.506805419922,284.580718994141
"1809",2018-12-14,285.392974853516,264.634002685547,283.097412109375
"1810",2018-12-15,286.598175048828,264.782562255859,285.299652099609
"1811",2018-12-16,288.159423828125,260.37451171875,285.016265869141
"1812",2018-12-17,285.01171875,268.593780517578,284.367828369141
"1813",2018-12-18,285.914947509766,271.063598632812,283.465301513672
"1814",2018-12-19,287.532379150391,273.39453125,284.794219970703
"1815",2018-12-20,287.99462890625,272.170623779297,285.085296630859
"1816",2018-12-21,286.388092041016,274.231628417969,284.573089599609
"1817",2018-12-22,286.167816162109,272.39013671875,283.600921630859
"1818",2018-12-23,287.520721435547,271.831268310547,285.256011962891
"1819",2018-12-24,287.597442626953,272.199737548828,285.352966308594
"1820",2018-12-25,287.227325439453,273.454040527344,286.725250244141
"1821",2018-12-26,286.516143798828,272.115997314453,286.598663330078
"1822",2018-12-27,284.754608154297,267.894836425781,283.916229248047
"1823",2018-12-28,282.959930419922,264.213806152344,283.991607666016
"1824",2018-12-29,281.269104003906,261.723785400391,282.153381347656
"1825",2018-12-30,281.250091552734,261.571197509766,281.423370361328
"1826",2018-12-31,281.534973144531,264.871368408203,282.050598144531
"1827",2019-01-01,279.983367919922,261.6181640625,280.293365478516
"1828",2019-01-02,279.313446044922,257.476348876953,280.211212158203
"1829",2019-01-03,279.734558105469,258.253448486328,279.012268066406
"1830",2019-01-04,281.269256591797,258.830047607422,279.602752685547
"1831",2019-01-05,282.394683837891,263.255767822266,280.781494140625
"1832",2019-01-06,283.484375,275.772155761719,284.155578613281
"1833",2019-01-07,284.191711425781,276.950531005859,284.512115478516
"1834",2019-01-08,285.230682373047,278.004516601562,286.053863525391
"1835",2019-01-09,287.952331542969,277.133270263672,286.864227294922
"1836",2019-01-10,289.044921875,278.273345947266,287.913269042969
"1837",2019-01-11,288.134735107422,276.018402099609,286.532043457031
"1838",2019-01-12,287.216644287109,276.537322998047,287.596527099609
"1839",2019-01-13,286.47314453125,276.373260498047,287.523681640625
"1840",2019-01-14,286.814422607422,277.216247558594,288.092041015625
"1841",2019-01-15,287.75927734375,284.420349121094,289.073516845703
"1842",2019-01-16,286.378692626953,283.814300537109,287.185333251953
"1843",2019-01-17,287.163879394531,283.043060302734,287.189147949219
"1844",2019-01-18,288.728851318359,284.058380126953,288.56005859375
"1845",2019-01-19,286.488922119141,276.888519287109,286.840484619141
"1846",2019-01-20,287.3876953125,276.438598632812,285.730377197266
"1847",2019-01-21,288.617767333984,276.386871337891,287.847595214844
"1848",2019-01-22,285.302124023438,266.9658203125,285.65673828125
"1849",2019-01-23,282.625579833984,264.555633544922,283.486450195312
"1850",2019-01-24,284.456451416016,264.524322509766,284.026000976562
"1851",2019-01-25,286.224884033203,269.045440673828,285.804534912109
"1852",2019-01-26,287.680725097656,266.406646728516,287.378601074219
"1853",2019-01-27,288.080718994141,267.935791015625,288.21826171875
"1854",2019-01-28,289.360656738281,270.011871337891,287.437225341797
"1855",2019-01-29,290.286956787109,271.211883544922,289.507781982422
"1856",2019-01-30,291.505096435547,273.188354492188,290.992889404297
"1857",2019-01-31,289.199920654297,272.996337890625,289.398132324219
"1858",2019-02-01,289.977355957031,276.700134277344,291.727783203125
"1859",2019-02-02,291.177490234375,280.890472412109,292.264129638672
"1860",2019-02-03,289.717620849609,279.531341552734,291.246246337891
"1861",2019-02-04,287.949798583984,277.288391113281,289.555389404297
"1862",2019-02-05,288.841857910156,276.798645019531,290.312713623047
"1863",2019-02-06,284.666473388672,267.290893554688,287.460815429688
"1864",2019-02-07,282.441131591797,255.664169311523,283.419769287109
"1865",2019-02-08,282.598968505859,256.336029052734,284.192779541016
"1866",2019-02-09,284.699920654297,258.602020263672,285.179290771484
"1867",2019-02-10,285.242706298828,271.367218017578,286.101928710938
"1868",2019-02-11,284.500030517578,262.611541748047,286.973907470703
"1869",2019-02-12,283.493438720703,254.448318481445,283.673431396484
"1870",2019-02-13,288.223754882812,255.282119750977,288.296264648438
"1871",2019-02-14,288.674468994141,272.265289306641,289.585418701172
"1872",2019-02-15,287.29052734375,280.672760009766,287.839874267578
"1873",2019-02-16,286.730224609375,275.719024658203,288.220184326172
"1874",2019-02-17,284.532073974609,273.540130615234,286.098968505859
"1875",2019-02-18,283.525543212891,272.609252929688,286.259338378906
"1876",2019-02-19,282.448364257812,266.629211425781,284.364227294922
"1877",2019-02-20,281.68359375,260.267120361328,282.469696044922
"1878",2019-02-21,284.934783935547,272.223175048828,287.022705078125
"1879",2019-02-22,280.582061767578,274.721588134766,284.520355224609
"1880",2019-02-23,282.520172119141,268.559967041016,282.487823486328
"1881",2019-02-24,282.916473388672,271.123321533203,283.747985839844
"1882",2019-02-25,285.554779052734,271.265014648438,284.361419677734
"1883",2019-02-26,285.966674804688,273.742645263672,286.561126708984
"1884",2019-02-27,290.010101318359,273.43115234375,290.184906005859
"1885",2019-02-28,291.814788818359,273.737182617188,292.009002685547
"1886",2019-03-01,294.464111328125,277.06884765625,295.355316162109
"1887",2019-03-02,295.807281494141,273.98046875,296.834197998047
"1888",2019-03-03,293.093963623047,281.634857177734,295.300445556641
"1889",2019-03-04,292.001739501953,277.151031494141,295.619903564453
"1890",2019-03-05,291.741180419922,269.379669189453,293.994934082031
"1891",2019-03-06,296.001129150391,271.683197021484,297.986541748047
"1892",2019-03-07,294.449371337891,277.514587402344,297.209350585938
"1893",2019-03-08,289.922302246094,274.119995117188,294.114318847656
"1894",2019-03-09,286.474151611328,271.427581787109,290.816009521484
"1895",2019-03-10,287.737884521484,270.932403564453,291.611297607422
"1896",2019-03-11,288.214385986328,270.962615966797,291.46044921875
"1897",2019-03-12,286.963836669922,280.778045654297,290.390930175781
"1898",2019-03-13,288.392669677734,274.41015625,290.205047607422
"1899",2019-03-14,286.420196533203,262.512603759766,287.921417236328
"1900",2019-03-15,289.180816650391,264.854064941406,291.030303955078
"1901",2019-03-16,292.873687744141,264.952514648438,294.493988037109
"1902",2019-03-17,294.841247558594,270.535278320312,296.812774658203
"1903",2019-03-18,296.076812744141,270.946624755859,298.997863769531
"1904",2019-03-19,296.304565429688,271.169891357422,299.223907470703
"1905",2019-03-20,295.105926513672,271.956909179688,297.711791992188
"1906",2019-03-21,289.895782470703,274.888549804688,294.271514892578
"1907",2019-03-22,288.928497314453,274.912567138672,293.542297363281
"1908",2019-03-23,292.168060302734,268.591003417969,295.526763916016
"1909",2019-03-24,292.943328857422,272.603393554688,296.734710693359
"1910",2019-03-25,294.551788330078,265.41650390625,297.144073486328
"1911",2019-03-26,296.017913818359,265.225189208984,297.564086914062
"1912",2019-03-27,296.320068359375,266.391021728516,298.074005126953
"1913",2019-03-28,294.402252197266,269.046234130859,297.138061523438
"1914",2019-03-29,294.002319335938,270.902587890625,297.189086914062
"1915",2019-03-30,293.712066650391,263.990600585938,296.468048095703
"1916",2019-03-31,294.705200195312,262.417388916016,297.165374755859
"1917",2019-04-01,294.989959716797,262.445892333984,297.618682861328
"1918",2019-04-02,297.432159423828,265.549621582031,299.959503173828
"1919",2019-04-03,294.153869628906,276.799560546875,299.013519287109
"1920",2019-04-04,294.845306396484,274.416717529297,298.688812255859
"1921",2019-04-05,294.586853027344,277.607147216797,299.499786376953
"1922",2019-04-06,294.249969482422,278.295867919922,299.469207763672
"1923",2019-04-07,297.226409912109,273.583099365234,300.256134033203
"1924",2019-04-08,300.325958251953,270.998931884766,301.673126220703
"1925",2019-04-09,301.258575439453,271.360748291016,303.032745361328
"1926",2019-04-10,295.181365966797,266.628936767578,299.729888916016
"1927",2019-04-11,293.093353271484,263.738342285156,296.55517578125
"1928",2019-04-12,293.822723388672,270.011627197266,298.093444824219
"1929",2019-04-13,293.4326171875,272.248931884766,297.188537597656
"1930",2019-04-14,295.961639404297,267.555877685547,298.411468505859
"1931",2019-04-15,297.360015869141,271.538055419922,300.615386962891
"1932",2019-04-16,294.827789306641,273.692993164062,299.224670410156
"1933",2019-04-17,292.752044677734,277.813934326172,296.134063720703
"1934",2019-04-18,297.829010009766,269.487518310547,300.150909423828
"1935",2019-04-19,301.305084228516,271.168670654297,303.90966796875
"1936",2019-04-20,302.015777587891,271.322845458984,305.482269287109
"1937",2019-04-21,297.815704345703,274.219818115234,302.879669189453
"1938",2019-04-22,297.247650146484,274.09375,301.934051513672
"1939",2019-04-23,298.331451416016,274.2880859375,301.756591796875
"1940",2019-04-24,300.634490966797,275.316467285156,304.263458251953
"1941",2019-04-25,303.422454833984,274.346160888672,306.967742919922
"1942",2019-04-26,303.818695068359,274.691864013672,307.453460693359
"1943",2019-04-27,304.134124755859,275.144256591797,307.961761474609
"1944",2019-04-28,303.009155273438,274.693023681641,307.110168457031
"1945",2019-04-29,301.255126953125,275.575927734375,305.962554931641
"1946",2019-04-30,293.552734375,280.189849853516,298.059967041016
"1947",2019-05-01,295.942932128906,277.263122558594,301.525970458984
"1948",2019-05-02,298.342926025391,272.796600341797,302.415802001953
"1949",2019-05-03,298.899749755859,272.588928222656,303.014678955078
"1950",2019-05-04,301.380889892578,271.330963134766,305.502227783203
"1951",2019-05-05,301.2158203125,269.363250732422,304.890045166016
"1952",2019-05-06,297.473724365234,275.428955078125,302.909576416016
"1953",2019-05-07,295.076568603516,278.868560791016,301.481170654297
"1954",2019-05-08,297.50927734375,280.237854003906,303.214019775391
"1955",2019-05-09,299.742858886719,279.307525634766,304.829254150391
"1956",2019-05-10,297.216033935547,280.329071044922,302.867767333984
"1957",2019-05-11,297.295623779297,280.910736083984,303.033172607422
"1958",2019-05-12,299.446533203125,279.8994140625,305.231201171875
"1959",2019-05-13,300.934326171875,280.067718505859,306.337127685547
"1960",2019-05-14,303.399383544922,279.576019287109,308.33203125
"1961",2019-05-15,304.231109619141,277.077941894531,308.12841796875
"1962",2019-05-16,301.055053710938,276.468597412109,305.941314697266
"1963",2019-05-17,293.395965576172,275.828887939453,299.390808105469
"1964",2019-05-18,296.297332763672,273.333343505859,301.651397705078
"1965",2019-05-19,297.254669189453,275.779632568359,302.598388671875
"1966",2019-05-20,292.440277099609,276.243988037109,297.737243652344
"1967",2019-05-21,293.208099365234,276.613403320312,297.873748779297
"1968",2019-05-22,291.426116943359,277.095458984375,296.770965576172
"1969",2019-05-23,291.388732910156,276.386993408203,296.0908203125
"1970",2019-05-24,294.966339111328,275.936737060547,299.489929199219
"1971",2019-05-25,298.972625732422,272.268829345703,303.9091796875
"1972",2019-05-26,297.979095458984,273.814422607422,302.763610839844
"1973",2019-05-27,292.908233642578,276.923248291016,299.288238525391
"1974",2019-05-28,295.371124267578,273.842742919922,301.060333251953
"1975",2019-05-29,299.699005126953,274.995483398438,304.884185791016
"1976",2019-05-30,302.131561279297,274.909423828125,306.865173339844
"1977",2019-05-31,302.427154541016,274.280914306641,307.266021728516
"1978",2019-06-01,301.843170166016,274.481140136719,306.706939697266
"1979",2019-06-02,300.741241455078,275.038726806641,306.028076171875
"1980",2019-06-03,302.118225097656,274.171173095703,307.942840576172
"1981",2019-06-04,303.442047119141,275.331939697266,308.973693847656
"1982",2019-06-05,305.467315673828,277.446624755859,309.988311767578
"1983",2019-06-06,305.827728271484,277.68896484375,310.272857666016
"1984",2019-06-07,304.884185791016,279.112152099609,309.711578369141
"1985",2019-06-08,304.053497314453,276.271514892578,309.634490966797
"1986",2019-06-09,305.964660644531,277.211029052734,311.150848388672
"1987",2019-06-10,307.474395751953,271.026000976562,311.545684814453
"1988",2019-06-11,309.35205078125,268.747039794922,312.562103271484
"1989",2019-06-12,309.899017333984,273.079254150391,313.522338867188
"1990",2019-06-13,310.300048828125,276.222381591797,314.597534179688
"1991",2019-06-14,307.000762939453,274.469482421875,311.828338623047
"1992",2019-06-15,306.770690917969,278.980194091797,311.652740478516
"1993",2019-06-16,307.50341796875,278.424865722656,312.591094970703
"1994",2019-06-17,306.515716552734,276.63916015625,311.925323486328
"1995",2019-06-18,305.868682861328,279.448333740234,312.088500976562
"1996",2019-06-19,305.945037841797,275.896087646484,311.976287841797
"1997",2019-06-20,306.691772460938,276.776672363281,311.531646728516
"1998",2019-06-21,305.0146484375,280.569915771484,310.352630615234
"1999",2019-06-22,303.146850585938,278.581939697266,309.4423828125
"2000",2019-06-23,304.302001953125,265.449951171875,308.959747314453
"2001",2019-06-24,305.332672119141,268.843383789062,309.226501464844
"2002",2019-06-25,305.877319335938,272.344909667969,310.597961425781
"2003",2019-06-26,304.711151123047,273.954956054688,308.974578857422
"2004",2019-06-27,304.405731201172,271.34716796875,309.206390380859
"2005",2019-06-28,305.485321044922,268.027770996094,310.427856445312
"2006",2019-06-29,307.200653076172,272.748016357422,310.89404296875
"2007",2019-06-30,308.381256103516,267.709228515625,312.160919189453
"2008",2019-07-01,308.778411865234,272.209991455078,313.264526367188
"2009",2019-07-02,308.834014892578,271.722839355469,313.143218994141
"2010",2019-07-03,307.338470458984,270.199005126953,311.627960205078
"2011",2019-07-04,306.840667724609,271.324249267578,311.202789306641
"2012",2019-07-05,306.927093505859,274.687377929688,311.615203857422
"2013",2019-07-06,307.131072998047,275.977813720703,312.435394287109
"2014",2019-07-07,307.220550537109,274.806030273438,311.700225830078
"2015",2019-07-08,305.923431396484,273.332702636719,310.256134033203
"2016",2019-07-09,305.963958740234,272.228363037109,310.872161865234
"2017",2019-07-10,307.910003662109,270.883056640625,312.840484619141
"2018",2019-07-11,310.13525390625,274.176849365234,314.728271484375
"2019",2019-07-12,311.039672851562,281.03271484375,314.580352783203
"2020",2019-07-13,312.056274414062,281.350616455078,316.856567382812
"2021",2019-07-14,310.491851806641,288.162475585938,315.744384765625
"2022",2019-07-15,312.23974609375,282.72607421875,317.012939453125
"2023",2019-07-16,311.830657958984,272.085083007812,315.99560546875
"2024",2019-07-17,309.947326660156,284.502746582031,315.059906005859
"2025",2019-07-18,308.718017578125,280.647735595703,314.212493896484
"2026",2019-07-19,309.565704345703,272.462768554688,314.338684082031
"2027",2019-07-20,308.39404296875,271.223602294922,312.799285888672
"2028",2019-07-21,309.173400878906,283.429046630859,313.813354492188
"2029",2019-07-22,309.590972900391,286.937530517578,314.825561523438
"2030",2019-07-23,309.427276611328,289.976287841797,314.112091064453
"2031",2019-07-24,308.878265380859,287.408660888672,313.646026611328
"2032",2019-07-25,307.051849365234,291.057830810547,312.009246826172
"2033",2019-07-26,309.236236572266,290.532592773438,313.671142578125
"2034",2019-07-27,312.069427490234,286.81591796875,316.857269287109
"2035",2019-07-28,312.104949951172,284.323455810547,316.261383056641
"2036",2019-07-29,311.654022216797,284.432891845703,316.062316894531
"2037",2019-07-30,309.443511962891,286.206573486328,314.427978515625
"2038",2019-07-31,306.121826171875,292.035461425781,311.265625
"2039",2019-08-01,307.805633544922,291.106170654297,313.779052734375
"2040",2019-08-02,311.64208984375,285.186431884766,316.896697998047
"2041",2019-08-03,312.413208007812,277.755004882812,317.079925537109
"2042",2019-08-04,312.281036376953,279.391937255859,316.935913085938
"2043",2019-08-05,312.961151123047,280.480346679688,317.864776611328
"2044",2019-08-06,311.81103515625,284.239501953125,316.306854248047
"2045",2019-08-07,308.231048583984,289.648651123047,312.697784423828
"2046",2019-08-08,305.376495361328,292.100463867188,309.759307861328
"2047",2019-08-09,308.994598388672,283.405059814453,313.367797851562
"2048",2019-08-10,307.958404541016,284.830047607422,312.348785400391
"2049",2019-08-11,306.733154296875,288.245758056641,311.960815429688
"2050",2019-08-12,307.762847900391,279.184692382812,312.657104492188
"2051",2019-08-13,307.890258789062,275.94482421875,312.698760986328
"2052",2019-08-14,309.307159423828,276.938842773438,313.308410644531
"2053",2019-08-15,310.79833984375,272.775115966797,314.176452636719
"2054",2019-08-16,311.061798095703,272.233215332031,314.306762695312
"2055",2019-08-17,308.843780517578,277.185119628906,312.609283447266
"2056",2019-08-18,308.225952148438,274.818023681641,312.310546875
"2057",2019-08-19,307.814483642578,278.576507568359,312.197021484375
"2058",2019-08-20,308.911590576172,270.472686767578,312.477508544922
"2059",2019-08-21,309.993377685547,268.792236328125,312.357757568359
"2060",2019-08-22,309.713745117188,277.812530517578,313.201416015625
"2061",2019-08-23,307.921112060547,286.420440673828,312.721649169922
"2062",2019-08-24,306.758331298828,287.885192871094,312.212493896484
"2063",2019-08-25,307.355438232422,292.493743896484,312.998870849609
"2064",2019-08-26,308.983245849609,291.617919921875,314.165161132812
"2065",2019-08-27,310.448394775391,289.268371582031,315.578948974609
"2066",2019-08-28,310.556243896484,285.5263671875,315.054107666016
"2067",2019-08-29,308.596771240234,288.987640380859,313.540161132812
"2068",2019-08-30,310.065704345703,288.289459228516,314.740234375
"2069",2019-08-31,309.962066650391,281.696014404297,313.665191650391
"2070",2019-09-01,309.69921875,288.596282958984,314.842742919922
"2071",2019-09-02,307.581695556641,291.350463867188,313.317901611328
"2072",2019-09-03,308.615081787109,288.643585205078,313.519866943359
"2073",2019-09-04,310.330352783203,285.048980712891,314.551544189453
"2074",2019-09-05,310.113128662109,287.885284423828,314.917938232422
"2075",2019-09-06,308.980865478516,288.831878662109,314.293640136719
"2076",2019-09-07,310.160430908203,283.847290039062,314.366241455078
"2077",2019-09-08,307.845092773438,279.730712890625,311.999053955078
"2078",2019-09-09,304.443878173828,275.293823242188,308.028411865234
"2079",2019-09-10,304.380645751953,285.650360107422,307.901336669922
"2080",2019-09-11,303.578857421875,284.724548339844,308.05078125
"2081",2019-09-12,304.506927490234,282.631225585938,309.145538330078
"2082",2019-09-13,305.246826171875,273.529632568359,307.644744873047
"2083",2019-09-14,307.022918701172,269.829925537109,308.449462890625
"2084",2019-09-15,307.612426757812,281.465484619141,310.959442138672
"2085",2019-09-16,306.666534423828,288.424713134766,310.503265380859
"2086",2019-09-17,305.184967041016,285.322265625,309.231170654297
"2087",2019-09-18,303.081268310547,270.72021484375,305.8525390625
"2088",2019-09-19,302.485076904297,263.796691894531,305.241607666016
"2089",2019-09-20,300.829040527344,274.559051513672,304.651641845703
"2090",2019-09-21,300.39404296875,268.702239990234,302.593627929688
"2091",2019-09-22,301.782867431641,268.959991455078,303.434661865234
"2092",2019-09-23,302.466674804688,290.185638427734,306.149444580078
"2093",2019-09-24,297.381530761719,289.584747314453,300.403686523438
"2094",2019-09-25,298.829284667969,289.649383544922,300.70458984375
"2095",2019-09-26,298.292327880859,290.71435546875,300.406524658203
"2096",2019-09-27,298.002044677734,289.919036865234,300.549346923828
"2097",2019-09-28,300.198516845703,288.910522460938,302.111724853516
"2098",2019-09-29,298.942596435547,280.305572509766,302.338043212891
"2099",2019-09-30,296.51953125,270.153045654297,300.321502685547
"2100",2019-10-01,296.695343017578,262.260284423828,299.313934326172
"2101",2019-10-02,297.232788085938,262.650482177734,298.602386474609
"2102",2019-10-03,299.417236328125,268.224975585938,300.189819335938
"2103",2019-10-04,300.2587890625,272.137359619141,302.132537841797
"2104",2019-10-05,299.70068359375,264.615447998047,299.380126953125
"2105",2019-10-06,300.410827636719,264.602996826172,299.818115234375
"2106",2019-10-07,300.437225341797,265.829803466797,300.394866943359
"2107",2019-10-08,300.645721435547,266.850189208984,300.517364501953
"2108",2019-10-09,300.824310302734,268.813934326172,301.433074951172
"2109",2019-10-10,297.807830810547,260.363311767578,300.225555419922
"2110",2019-10-11,291.478607177734,260.265838623047,293.781005859375
"2111",2019-10-12,293.902526855469,259.969390869141,294.598297119141
"2112",2019-10-13,296.428405761719,264.534027099609,296.107269287109
"2113",2019-10-14,296.656463623047,278.602325439453,298.956756591797
"2114",2019-10-15,298.508087158203,279.638366699219,300.187042236328
"2115",2019-10-16,300.341339111328,275.057006835938,300.601043701172
"2116",2019-10-17,300.907562255859,274.497314453125,300.974273681641
"2117",2019-10-18,297.51708984375,271.979766845703,299.544281005859
"2118",2019-10-19,295.190795898438,263.211334228516,295.190673828125
"2119",2019-10-20,295.199188232422,267.525543212891,295.632415771484
"2120",2019-10-21,294.108489990234,263.079681396484,295.332061767578
"2121",2019-10-22,296.281585693359,264.842132568359,296.90234375
"2122",2019-10-23,298.018127441406,269.391296386719,297.179565429688
"2123",2019-10-24,298.066070556641,266.832702636719,298.436065673828
"2124",2019-10-25,294.816162109375,261.338623046875,296.344329833984
"2125",2019-10-26,296.194427490234,261.603668212891,295.323333740234
"2126",2019-10-27,296.444061279297,268.493927001953,296.871551513672
"2127",2019-10-28,290.684967041016,260.692749023438,294.015167236328
"2128",2019-10-29,286.613555908203,254.179214477539,286.801177978516
"2129",2019-10-30,286.462890625,258.157806396484,288.708770751953
"2130",2019-10-31,283.405822753906,258.185821533203,284.871307373047
"2131",2019-11-01,286.515960693359,256.187713623047,285.036651611328
"2132",2019-11-02,290.601013183594,256.190887451172,287.855560302734
"2133",2019-11-03,293.291107177734,256.535369873047,290.788543701172
"2134",2019-11-04,293.506195068359,259.553375244141,290.797698974609
"2135",2019-11-05,294.905181884766,264.53662109375,292.136627197266
"2136",2019-11-06,296.213623046875,267.399932861328,294.456726074219
"2137",2019-11-07,295.148803710938,268.181976318359,292.961151123047
"2138",2019-11-08,295.244354248047,270.996246337891,293.969390869141
"2139",2019-11-09,295.029022216797,269.963470458984,294.513519287109
"2140",2019-11-10,295.176544189453,267.06494140625,292.401153564453
"2141",2019-11-11,294.495086669922,265.383758544922,292.028869628906
"2142",2019-11-12,294.885772705078,267.519927978516,292.336090087891
"2143",2019-11-13,292.616851806641,273.254486083984,292.899291992188
"2144",2019-11-14,292.147674560547,269.328277587891,291.236602783203
"2145",2019-11-15,293.113647460938,269.966217041016,292.819427490234
"2146",2019-11-16,293.743072509766,270.969085693359,292.912750244141
"2147",2019-11-17,294.061492919922,270.432830810547,291.926910400391
"2148",2019-11-18,293.979949951172,268.075073242188,291.985046386719
"2149",2019-11-19,292.638885498047,271.787322998047,292.18701171875
"2150",2019-11-20,290.635223388672,286.613098144531,293.059143066406
"2151",2019-11-21,286.604888916016,283.094635009766,288.740570068359
"2152",2019-11-22,285.093383789062,281.173065185547,286.762115478516
"2153",2019-11-23,286.748931884766,280.267303466797,286.363433837891
"2154",2019-11-24,286.713256835938,280.409912109375,286.451721191406
"2155",2019-11-25,286.936553955078,277.574554443359,284.521240234375
"2156",2019-11-26,285.209045410156,270.320404052734,285.133941650391
"2157",2019-11-27,284.021331787109,269.460784912109,283.72021484375
"2158",2019-11-28,286.273254394531,279.533630371094,285.691040039062
"2159",2019-11-29,285.148529052734,279.542846679688,286.551940917969
"2160",2019-11-30,282.695465087891,275.718780517578,284.010894775391
"2161",2019-12-01,283.764801025391,275.710601806641,284.751708984375
"2162",2019-12-02,284.582427978516,276.793792724609,284.559509277344
"2163",2019-12-03,286.220672607422,279.438568115234,285.015899658203
"2164",2019-12-04,287.661041259766,283.611267089844,287.373992919922
"2165",2019-12-05,286.167022705078,283.738098144531,287.282043457031
"2166",2019-12-06,287.506225585938,283.835571289062,287.431610107422
"2167",2019-12-07,288.648254394531,284.564636230469,288.387847900391
"2168",2019-12-08,288.903778076172,285.527526855469,288.877716064453
"2169",2019-12-09,287.512023925781,283.910919189453,288.545745849609
"2170",2019-12-10,286.18115234375,278.914764404297,286.38427734375
"2171",2019-12-11,286.726348876953,280.651916503906,286.023773193359
"2172",2019-12-12,286.090118408203,278.491607666016,284.853912353516
"2173",2019-12-13,286.078125,279.538421630859,284.650329589844
"2174",2019-12-14,287.256042480469,279.557830810547,286.2470703125
"2175",2019-12-15,287.587860107422,279.345245361328,287.317352294922
"2176",2019-12-16,283.368499755859,272.169586181641,284.095794677734
"2177",2019-12-17,280.982666015625,266.890869140625,282.518829345703
"2178",2019-12-18,281.336608886719,267.654388427734,282.338439941406
"2179",2019-12-19,283.322174072266,267.383758544922,282.521209716797
"2180",2019-12-20,282.981536865234,268.318176269531,283.111938476562
"2181",2019-12-21,285.952484130859,266.951934814453,284.931365966797
"2182",2019-12-22,286.585113525391,264.999633789062,285.899841308594
"2183",2019-12-23,288.641632080078,261.624267578125,287.594970703125
"2184",2019-12-24,287.248870849609,282.882446289062,288.505035400391
"2185",2019-12-25,285.507781982422,275.6201171875,286.729461669922
"2186",2019-12-26,284.351409912109,276.471099853516,285.044830322266
"2187",2019-12-27,282.602386474609,279.187622070312,284.671722412109
"2188",2019-12-28,282.850769042969,272.935729980469,283.197723388672
"2189",2019-12-29,280.775451660156,267.860778808594,281.390533447266
"2190",2019-12-30,281.192291259766,271.709716796875,281.999542236328
"2191",2019-12-31,284.113006591797,273.199584960938,284.472198486328
"2192",2020-01-01,284.180328369141,270.330474853516,284.270751953125
"2193",2020-01-02,285.221862792969,267.894958496094,284.200042724609
"2194",2020-01-03,285.608795166016,268.205413818359,285.894622802734
"2195",2020-01-04,286.33056640625,268.419219970703,285.389434814453
"2196",2020-01-05,287.001220703125,272.549438476562,285.840393066406
"2197",2020-01-06,285.974334716797,270.282806396484,285.946411132812
"2198",2020-01-07,285.471008300781,267.489776611328,285.952606201172
"2199",2020-01-08,286.506561279297,263.476257324219,285.114715576172
"2200",2020-01-09,286.234619140625,263.281646728516,286.411407470703
"2201",2020-01-10,284.728942871094,267.794769287109,285.044891357422
"2202",2020-01-11,283.739501953125,262.237854003906,283.442047119141
"2203",2020-01-12,284.135559082031,260.414642333984,284.512847900391
"2204",2020-01-13,284.637420654297,264.856964111328,284.933868408203
"2205",2020-01-14,284.687683105469,267.806427001953,285.089447021484
"2206",2020-01-15,285.222442626953,268.902709960938,285.251983642578
"2207",2020-01-16,286.110443115234,269.763732910156,285.037506103516
"2208",2020-01-17,286.347351074219,273.102844238281,286.989776611328
"2209",2020-01-18,285.205535888672,265.246765136719,285.359802246094
"2210",2020-01-19,285.938201904297,264.682830810547,286.199859619141
"2211",2020-01-20,288.425567626953,269.018646240234,288.230010986328
"2212",2020-01-21,288.090270996094,273.773284912109,288.610595703125
"2213",2020-01-22,285.427703857422,278.423370361328,286.985137939453
"2214",2020-01-23,287.632843017578,277.366302490234,287.392425537109
"2215",2020-01-24,289.627288818359,275.021881103516,288.331726074219
"2216",2020-01-25,289.841369628906,275.382568359375,287.945587158203
"2217",2020-01-26,288.871978759766,272.524505615234,288.086151123047
"2218",2020-01-27,290.929565429688,272.235748291016,290.005645751953
"2219",2020-01-28,288.445922851562,268.043182373047,288.905731201172
"2220",2020-01-29,289.400970458984,269.023773193359,287.994476318359
"2221",2020-01-30,288.435363769531,268.072296142578,289.273132324219
"2222",2020-01-31,287.604583740234,268.411071777344,288.553344726562
"2223",2020-02-01,288.974609375,266.617034912109,288.153106689453
"2224",2020-02-02,291.949493408203,267.314056396484,289.501586914062
"2225",2020-02-03,289.062835693359,264.092102050781,290.662200927734
"2226",2020-02-04,281.319488525391,255.445739746094,283.977386474609
"2227",2020-02-05,280.646759033203,256.79541015625,282.784942626953
"2228",2020-02-06,283.008880615234,259.088623046875,283.271759033203
"2229",2020-02-07,285.627502441406,263.535003662109,285.876800537109
"2230",2020-02-08,287.320465087891,267.459991455078,287.117462158203
"2231",2020-02-09,290.176116943359,271.835296630859,290.570037841797
"2232",2020-02-10,289.564575195312,278.954742431641,291.043304443359
"2233",2020-02-11,287.276702880859,273.384063720703,289.827789306641
"2234",2020-02-12,285.444091796875,263.774993896484,285.528289794922
"2235",2020-02-13,284.672515869141,270.954071044922,285.878753662109
"2236",2020-02-14,287.612670898438,267.316497802734,287.204986572266
"2237",2020-02-15,288.000885009766,267.792205810547,287.968688964844
"2238",2020-02-16,289.047729492188,269.351593017578,289.558135986328
"2239",2020-02-17,290.555755615234,271.492645263672,291.749938964844
"2240",2020-02-18,292.085540771484,262.481414794922,291.160736083984
"2241",2020-02-19,290.524108886719,264.669769287109,290.222778320312
"2242",2020-02-20,289.637481689453,266.806671142578,290.592529296875
"2243",2020-02-21,292.232025146484,268.145812988281,292.557769775391
"2244",2020-02-22,292.865936279297,275.822357177734,293.784820556641
"2245",2020-02-23,288.612152099609,277.162017822266,291.054504394531
"2246",2020-02-24,290.033538818359,276.108154296875,291.896881103516
"2247",2020-02-25,290.847015380859,264.604949951172,291.917877197266
"2248",2020-02-26,288.076812744141,257.498138427734,290.573394775391
"2249",2020-02-27,289.747772216797,259.664825439453,290.242309570312
"2250",2020-02-28,293.299896240234,260.527893066406,293.249420166016
"2251",2020-02-29,292.413726806641,265.031341552734,292.635314941406
"2252",2020-03-01,292.156341552734,268.275146484375,293.995269775391
"2253",2020-03-02,287.526458740234,275.850189208984,291.205047607422
"2254",2020-03-03,289.634796142578,270.033630371094,291.261108398438
"2255",2020-03-04,291.397644042969,270.965881347656,292.934020996094
"2256",2020-03-05,292.033721923828,274.447418212891,293.704833984375
"2257",2020-03-06,294.908599853516,273.186920166016,295.756927490234
"2258",2020-03-07,295.162628173828,273.325103759766,296.963897705078
"2259",2020-03-08,292.756103515625,274.912261962891,296.412750244141
"2260",2020-03-09,290.892517089844,274.274749755859,294.154022216797
"2261",2020-03-10,292.079010009766,281.244659423828,295.117462158203
"2262",2020-03-11,291.367218017578,287.857177734375,293.268981933594
"2263",2020-03-12,291.679718017578,288.903350830078,292.792175292969
"2264",2020-03-13,288.520050048828,282.566833496094,290.432861328125
"2265",2020-03-14,289.441192626953,282.506805419922,290.009796142578
"2266",2020-03-15,290.292114257812,283.061248779297,290.814575195312
"2267",2020-03-16,290.011077880859,281.435455322266,290.84423828125
"2268",2020-03-17,290.080413818359,280.176666259766,291.429107666016
"2269",2020-03-18,288.161956787109,281.394287109375,289.635406494141
"2270",2020-03-19,285.062530517578,278.503173828125,287.376129150391
"2271",2020-03-20,287.226013183594,279.036956787109,288.583648681641
"2272",2020-03-21,289.651306152344,278.964569091797,290.142578125
"2273",2020-03-22,290.196990966797,278.973388671875,290.84619140625
"2274",2020-03-23,292.055480957031,280.177276611328,292.509918212891
"2275",2020-03-24,290.775299072266,277.525909423828,292.319549560547
"2276",2020-03-25,292.1220703125,273.768646240234,294.473815917969
"2277",2020-03-26,290.474090576172,271.500640869141,295.220428466797
"2278",2020-03-27,287.759338378906,268.593597412109,292.691864013672
"2279",2020-03-28,288.284759521484,262.373321533203,292.19677734375
"2280",2020-03-29,291.880279541016,263.811676025391,295.151702880859
"2281",2020-03-30,292.470977783203,270.187774658203,295.656799316406
"2282",2020-03-31,294.292449951172,269.565307617188,295.123016357422
"2283",2020-04-01,295.157867431641,269.719329833984,296.655212402344
"2284",2020-04-02,296.624420166016,273.462554931641,299.784637451172
"2285",2020-04-03,295.22021484375,268.091125488281,298.020355224609
"2286",2020-04-04,294.917083740234,271.702331542969,298.068878173828
"2287",2020-04-05,294.780181884766,274.506591796875,298.506683349609
"2288",2020-04-06,293.136322021484,275.529388427734,297.477874755859
"2289",2020-04-07,292.813598632812,276.606964111328,297.218811035156
"2290",2020-04-08,290.751342773438,278.458343505859,295.106719970703
"2291",2020-04-09,287.313110351562,275.042572021484,291.687896728516
"2292",2020-04-10,288.979278564453,277.433471679688,292.460540771484
"2293",2020-04-11,288.093902587891,281.397308349609,292.605133056641
"2294",2020-04-12,291.352020263672,281.437652587891,293.456024169922
"2295",2020-04-13,292.537078857422,281.220306396484,295.630920410156
"2296",2020-04-14,294.221221923828,271.872436523438,296.499206542969
"2297",2020-04-15,292.873321533203,256.094268798828,296.035186767578
"2298",2020-04-16,296.355529785156,262.560455322266,298.608184814453
"2299",2020-04-17,296.413543701172,271.195526123047,299.320281982422
"2300",2020-04-18,293.560089111328,276.168273925781,298.760375976562
"2301",2020-04-19,295.028167724609,277.240753173828,299.48779296875
"2302",2020-04-20,296.380828857422,275.300018310547,300.603118896484
"2303",2020-04-21,296.023651123047,278.035675048828,300.824310302734
"2304",2020-04-22,298.515472412109,275.207489013672,300.777770996094
"2305",2020-04-23,301.791839599609,269.8896484375,302.866180419922
"2306",2020-04-24,303.417327880859,271.865051269531,305.049194335938
"2307",2020-04-25,302.834930419922,270.120574951172,304.888336181641
"2308",2020-04-26,304.977142333984,272.527130126953,306.45849609375
"2309",2020-04-27,304.815002441406,273.625823974609,307.868377685547
"2310",2020-04-28,303.460815429688,273.446685791016,306.952270507812
"2311",2020-04-29,304.986114501953,274.549560546875,308.118438720703
"2312",2020-04-30,305.277801513672,270.751373291016,308.232116699219
"2313",2020-05-01,304.077697753906,273.251617431641,307.402069091797
"2314",2020-05-02,303.472930908203,273.113983154297,307.898742675781
"2315",2020-05-03,302.390411376953,275.454559326172,307.145629882812
"2316",2020-05-04,302.176605224609,269.736541748047,306.531921386719
"2317",2020-05-05,302.956390380859,268.537353515625,306.464935302734
"2318",2020-05-06,306.091217041016,264.224029541016,307.268676757812
"2319",2020-05-07,305.782135009766,267.597259521484,308.345428466797
"2320",2020-05-08,305.600250244141,269.813385009766,309.0234375
"2321",2020-05-09,305.665771484375,277.499176025391,309.207305908203
"2322",2020-05-10,306.162994384766,277.984161376953,309.756072998047
"2323",2020-05-11,304.313446044922,275.980865478516,308.146087646484
"2324",2020-05-12,301.672393798828,271.359008789062,306.486663818359
"2325",2020-05-13,298.066009521484,280.380310058594,304.860595703125
"2326",2020-05-14,299.488891601562,277.790130615234,305.704864501953
"2327",2020-05-15,300.944946289062,277.216339111328,306.667816162109
"2328",2020-05-16,302.885833740234,276.605621337891,307.437896728516
"2329",2020-05-17,303.452941894531,277.380462646484,307.520141601562
"2330",2020-05-18,303.040252685547,277.153045654297,307.215911865234
"2331",2020-05-19,299.167144775391,276.282196044922,305.579010009766
"2332",2020-05-20,295.753112792969,271.654754638672,302.395843505859
"2333",2020-05-21,299.081390380859,268.077575683594,303.677642822266
"2334",2020-05-22,300.984283447266,269.668334960938,304.673736572266
"2335",2020-05-23,301.555450439453,273.597503662109,306.633392333984
"2336",2020-05-24,301.469055175781,270.186798095703,305.431976318359
"2337",2020-05-25,302.344146728516,268.760009765625,304.973785400391
"2338",2020-05-26,304.826995849609,269.877716064453,307.231231689453
"2339",2020-05-27,306.976348876953,272.075531005859,309.820831298828
"2340",2020-05-28,308.340911865234,275.352905273438,311.476104736328
"2341",2020-05-29,308.657440185547,277.113983154297,311.972808837891
"2342",2020-05-30,308.368255615234,277.051910400391,312.546234130859
"2343",2020-05-31,305.258819580078,275.268463134766,310.3193359375
"2344",2020-06-01,306.098602294922,275.869659423828,310.681060791016
"2345",2020-06-02,306.678161621094,276.300903320312,311.501953125
"2346",2020-06-03,309.210876464844,276.974334716797,313.481689453125
"2347",2020-06-04,309.966644287109,280.322540283203,313.990814208984
"2348",2020-06-05,308.704925537109,276.328521728516,313.189208984375
"2349",2020-06-06,300.281463623047,280.793975830078,307.549560546875
"2350",2020-06-07,300.640289306641,278.08203125,306.846069335938
"2351",2020-06-08,299.949432373047,261.771667480469,305.232574462891
"2352",2020-06-09,299.1318359375,263.43115234375,303.260040283203
"2353",2020-06-10,303.385833740234,266.049163818359,306.31787109375
"2354",2020-06-11,306.289794921875,266.807037353516,309.337768554688
"2355",2020-06-12,307.117034912109,267.715789794922,310.385314941406
"2356",2020-06-13,305.207550048828,269.518402099609,309.793609619141
"2357",2020-06-14,303.757720947266,271.244720458984,309.047912597656
"2358",2020-06-15,305.036804199219,273.252105712891,309.396575927734
"2359",2020-06-16,306.111694335938,274.519348144531,310.576385498047
"2360",2020-06-17,305.241668701172,276.868560791016,310.254486083984
"2361",2020-06-18,305.366851806641,275.67236328125,310.411468505859
"2362",2020-06-19,306.174438476562,277.597015380859,311.422882080078
"2363",2020-06-20,306.725402832031,279.413208007812,311.987762451172
"2364",2020-06-21,308.270385742188,275.258514404297,312.777648925781
"2365",2020-06-22,308.615447998047,276.829132080078,312.800933837891
"2366",2020-06-23,308.339447021484,275.302307128906,312.878784179688
"2367",2020-06-24,308.688812255859,277.613525390625,313.365264892578
"2368",2020-06-25,309.313842773438,272.587310791016,313.553497314453
"2369",2020-06-26,309.596160888672,276.106689453125,313.814666748047
"2370",2020-06-27,309.267578125,277.044494628906,313.696411132812
"2371",2020-06-28,308.32861328125,281.84765625,313.383636474609
"2372",2020-06-29,303.548034667969,279.657379150391,309.928070068359
"2373",2020-06-30,303.180511474609,274.249542236328,309.168731689453
"2374",2020-07-01,305.733612060547,278.069915771484,311.542449951172
"2375",2020-07-02,306.437133789062,274.932098388672,310.857208251953
"2376",2020-07-03,308.296722412109,284.647796630859,313.029541015625
"2377",2020-07-04,309.770904541016,284.473663330078,314.775665283203
"2378",2020-07-05,310.257720947266,281.920135498047,314.884002685547
"2379",2020-07-06,309.921722412109,271.483001708984,313.663055419922
"2380",2020-07-07,309.710571289062,273.488067626953,313.347290039062
"2381",2020-07-08,310.415893554688,273.802368164062,314.319458007812
"2382",2020-07-09,309.520782470703,268.746490478516,313.438568115234
"2383",2020-07-10,310.587738037109,282.900604248047,315.51416015625
"2384",2020-07-11,312.584045410156,283.998626708984,317.398406982422
"2385",2020-07-12,314.333160400391,282.068054199219,319.320587158203
"2386",2020-07-13,314.562225341797,280.568878173828,318.915161132812
"2387",2020-07-14,312.115631103516,277.027587890625,316.758514404297
"2388",2020-07-15,310.247955322266,272.616363525391,315.085418701172
"2389",2020-07-16,309.373199462891,274.814910888672,314.027313232422
"2390",2020-07-17,310.193603515625,280.369018554688,315.228179931641
"2391",2020-07-18,310.511383056641,281.545562744141,316.074584960938
"2392",2020-07-19,311.597900390625,277.821746826172,316.711303710938
"2393",2020-07-20,311.382446289062,273.679321289062,316.656463623047
"2394",2020-07-21,310.012725830078,277.420318603516,315.135833740234
"2395",2020-07-22,309.764129638672,285.820098876953,314.758514404297
"2396",2020-07-23,308.629730224609,284.961883544922,313.350952148438
"2397",2020-07-24,307.454315185547,281.089874267578,312.247161865234
"2398",2020-07-25,307.320922851562,278.647552490234,312.892059326172
"2399",2020-07-26,309.418090820312,282.991851806641,315.143890380859
"2400",2020-07-27,310.716522216797,284.697845458984,316.159362792969
"2401",2020-07-28,311.229827880859,275.550567626953,315.965484619141
"2402",2020-07-29,311.197357177734,277.004272460938,315.585662841797
"2403",2020-07-30,312.383666992188,279.143524169922,316.688568115234
"2404",2020-07-31,314.451873779297,278.795776367188,317.724487304688
"2405",2020-08-01,313.333618164062,283.956451416016,318.082244873047
"2406",2020-08-02,311.675018310547,286.656646728516,316.636260986328
"2407",2020-08-03,310.600250244141,284.486907958984,315.237274169922
"2408",2020-08-04,310.155181884766,278.83056640625,314.376098632812
"2409",2020-08-05,308.918518066406,271.931793212891,313.169097900391
"2410",2020-08-06,307.122772216797,273.312896728516,311.591766357422
"2411",2020-08-07,306.592437744141,269.218872070312,310.636962890625
"2412",2020-08-08,307.992340087891,266.256011962891,311.653717041016
"2413",2020-08-09,308.475799560547,272.510589599609,312.49755859375
"2414",2020-08-10,308.801513671875,267.305633544922,312.451202392578
"2415",2020-08-11,309.838470458984,280.921081542969,314.109649658203
"2416",2020-08-12,310.502105712891,285.326293945312,315.275970458984
"2417",2020-08-13,312.271087646484,284.877197265625,317.177764892578
"2418",2020-08-14,312.665557861328,282.723999023438,316.77001953125
"2419",2020-08-15,312.762725830078,285.303436279297,317.041473388672
"2420",2020-08-16,312.952331542969,287.347808837891,317.592193603516
"2421",2020-08-17,313.403533935547,286.1923828125,318.547485351562
"2422",2020-08-18,313.391571044922,287.053802490234,318.577423095703
"2423",2020-08-19,312.453826904297,285.220367431641,317.079833984375
"2424",2020-08-20,312.504364013672,286.580749511719,317.164672851562
"2425",2020-08-21,308.929473876953,290.509063720703,314.514434814453
"2426",2020-08-22,308.294158935547,291.138366699219,313.659210205078
"2427",2020-08-23,310.602020263672,287.386138916016,316.2880859375
"2428",2020-08-24,312.275909423828,283.488372802734,317.314422607422
"2429",2020-08-25,312.783782958984,284.851654052734,317.752624511719
"2430",2020-08-26,311.029205322266,285.430053710938,314.449096679688
"2431",2020-08-27,312.352020263672,280.224487304688,316.448089599609
"2432",2020-08-28,311.428680419922,274.404052734375,314.926727294922
"2433",2020-08-29,310.781219482422,286.30859375,315.517425537109
"2434",2020-08-30,307.678802490234,290.042938232422,312.435485839844
"2435",2020-08-31,305.521209716797,289.880340576172,311.042510986328
"2436",2020-09-01,308.275085449219,286.997650146484,313.068084716797
"2437",2020-09-02,307.566925048828,287.673767089844,312.619262695312
"2438",2020-09-03,308.453125,286.827972412109,312.937713623047
"2439",2020-09-04,310.321319580078,282.567993164062,314.094329833984
"2440",2020-09-05,314.048400878906,278.439331054688,315.512908935547
"2441",2020-09-06,312.747711181641,277.76513671875,315.609619140625
"2442",2020-09-07,311.169891357422,282.725769042969,314.716094970703
"2443",2020-09-08,307.671722412109,283.718658447266,312.766754150391
"2444",2020-09-09,299.020721435547,269.237579345703,303.623382568359
"2445",2020-09-10,299.128051757812,271.272583007812,302.928558349609
"2446",2020-09-11,300.997894287109,270.430877685547,303.658477783203
"2447",2020-09-12,302.614715576172,272.531707763672,305.11328125
"2448",2020-09-13,304.336944580078,274.754302978516,306.977813720703
"2449",2020-09-14,306.22216796875,277.197235107422,308.73046875
"2450",2020-09-15,307.205932617188,278.614044189453,310.079071044922
"2451",2020-09-16,308.234649658203,275.729736328125,309.647369384766
"2452",2020-09-17,308.403564453125,272.015014648438,309.752868652344
"2453",2020-09-18,308.408447265625,271.279663085938,310.300750732422
"2454",2020-09-19,307.472320556641,277.397125244141,310.46142578125
"2455",2020-09-20,307.174560546875,281.310821533203,310.2412109375
"2456",2020-09-21,306.601348876953,281.649139404297,309.848907470703
"2457",2020-09-22,306.187469482422,282.606597900391,309.548187255859
"2458",2020-09-23,305.043579101562,276.713775634766,308.314453125
"2459",2020-09-24,305.75537109375,275.795989990234,308.531768798828
"2460",2020-09-25,305.494476318359,274.423522949219,308.011444091797
"2461",2020-09-26,304.797637939453,277.482818603516,307.819427490234
"2462",2020-09-27,303.661468505859,278.737701416016,307.259185791016
"2463",2020-09-28,303.993347167969,274.715789794922,306.818389892578
"2464",2020-09-29,304.463104248047,272.650665283203,305.845794677734
"2465",2020-09-30,305.135894775391,271.506988525391,305.533966064453
"2466",2020-10-01,306.160736083984,267.028900146484,305.337127685547
"2467",2020-10-02,306.396820068359,268.230987548828,305.813507080078
"2468",2020-10-03,304.867065429688,268.524200439453,305.130767822266
"2469",2020-10-04,303.768920898438,269.482757568359,304.682281494141
"2470",2020-10-05,304.309112548828,270.720611572266,304.987091064453
"2471",2020-10-06,303.836334228516,268.142852783203,303.502471923828
"2472",2020-10-07,303.115509033203,269.005920410156,304.40576171875
"2473",2020-10-08,303.629486083984,271.141845703125,305.035247802734
"2474",2020-10-09,302.833374023438,274.366241455078,305.340545654297
"2475",2020-10-10,300.998931884766,274.417205810547,303.447814941406
"2476",2020-10-11,300.67333984375,279.155670166016,303.407775878906
"2477",2020-10-12,301.408172607422,276.957122802734,302.283935546875
"2478",2020-10-13,302.947601318359,272.166076660156,301.813385009766
"2479",2020-10-14,303.025848388672,271.307830810547,301.603881835938
"2480",2020-10-15,302.075469970703,271.069122314453,302.427398681641
"2481",2020-10-16,301.772857666016,269.907745361328,303.303314208984
"2482",2020-10-17,300.989044189453,267.573974609375,300.666534423828
"2483",2020-10-18,300.459838867188,267.957672119141,300.172882080078
"2484",2020-10-19,301.191619873047,274.552215576172,301.656921386719
"2485",2020-10-20,301.321624755859,270.508758544922,300.638061523438
"2486",2020-10-21,300.445159912109,271.032073974609,300.079345703125
"2487",2020-10-22,299.378753662109,278.836059570312,300.711761474609
"2488",2020-10-23,299.163146972656,282.924072265625,301.482543945312
"2489",2020-10-24,298.954376220703,282.230285644531,301.022857666016
"2490",2020-10-25,298.184051513672,280.891754150391,300.164184570312
"2491",2020-10-26,289.630401611328,266.131164550781,293.537109375
"2492",2020-10-27,287.303741455078,255.938537597656,288.715423583984
"2493",2020-10-28,287.835784912109,258.504058837891,289.014251708984
"2494",2020-10-29,290.211242675781,264.444427490234,291.316802978516
"2495",2020-10-30,294.423889160156,267.996917724609,293.918212890625
"2496",2020-10-31,295.806030273438,270.886871337891,294.498199462891
"2497",2020-11-01,297.997833251953,269.522033691406,296.266815185547
"2498",2020-11-02,298.865844726562,271.994659423828,298.674499511719
"2499",2020-11-03,299.474456787109,273.087036132812,299.098663330078
"2500",2020-11-04,298.964141845703,272.510467529297,296.935211181641
"2501",2020-11-05,298.650054931641,273.211090087891,297.384887695312
"2502",2020-11-06,299.649810791016,272.604461669922,298.963928222656
"2503",2020-11-07,293.807281494141,276.038177490234,295.927368164062
"2504",2020-11-08,286.456207275391,275.631103515625,288.613983154297
"2505",2020-11-09,285.278472900391,273.570831298828,288.272033691406
"2506",2020-11-10,284.940460205078,269.695220947266,285.907531738281
"2507",2020-11-11,285.690948486328,267.009460449219,286.090667724609
"2508",2020-11-12,287.529449462891,267.545379638672,286.793273925781
"2509",2020-11-13,289.129241943359,267.067260742188,287.904815673828
"2510",2020-11-14,290.273376464844,267.241668701172,290.176940917969
"2511",2020-11-15,289.72802734375,266.139617919922,289.671478271484
"2512",2020-11-16,292.428192138672,263.700347900391,290.432281494141
"2513",2020-11-17,294.003753662109,265.211700439453,291.387115478516
"2514",2020-11-18,294.428375244141,268.106658935547,293.322845458984
"2515",2020-11-19,293.56494140625,270.470031738281,293.276733398438
"2516",2020-11-20,292.182800292969,272.826690673828,290.567108154297
"2517",2020-11-21,292.290985107422,271.392730712891,290.917755126953
"2518",2020-11-22,290.985107421875,269.417114257812,289.708251953125
"2519",2020-11-23,290.820465087891,270.012145996094,289.557281494141
"2520",2020-11-24,289.585968017578,267.833709716797,289.47705078125
"2521",2020-11-25,286.545013427734,267.350891113281,285.732666015625
"2522",2020-11-26,285.938934326172,268.622161865234,285.921173095703
"2523",2020-11-27,286.470611572266,263.790100097656,287.367156982422
"2524",2020-11-28,285.432861328125,266.301086425781,284.626129150391
"2525",2020-11-29,285.879547119141,266.966583251953,283.742767333984
"2526",2020-11-30,287.136169433594,268.142913818359,284.678192138672
"2527",2020-12-01,287.554901123047,266.670623779297,284.109100341797
"2528",2020-12-02,286.141448974609,265.714813232422,285.885894775391
"2529",2020-12-03,286.058380126953,261.749298095703,286.567047119141
"2530",2020-12-04,283.636871337891,262.000946044922,282.021270751953
"2531",2020-12-05,284.877258300781,260.781494140625,281.972991943359
"2532",2020-12-06,286.314331054688,262.013214111328,282.730255126953
"2533",2020-12-07,286.970184326172,264.400238037109,284.524566650391
"2534",2020-12-08,287.887878417969,262.112762451172,286.757568359375
"2535",2020-12-09,287.830657958984,262.744171142578,286.320678710938
"2536",2020-12-10,287.79052734375,270.624237060547,287.88037109375
"2537",2020-12-11,286.1103515625,276.816833496094,286.576232910156
"2538",2020-12-12,285.687164306641,275.589233398438,285.608001708984
"2539",2020-12-13,284.247406005859,264.119964599609,285.354156494141
"2540",2020-12-14,283.299072265625,258.868286132812,283.099761962891
"2541",2020-12-15,283.657836914062,266.953887939453,283.286956787109
"2542",2020-12-16,283.138641357422,265.549163818359,282.190704345703
"2543",2020-12-17,283.7958984375,265.635650634766,281.311706542969
"2544",2020-12-18,283.110931396484,268.485870361328,280.539855957031
"2545",2020-12-19,284.209197998047,270.062225341797,283.469757080078
"2546",2020-12-20,284.419219970703,269.319366455078,281.973297119141
"2547",2020-12-21,286.2392578125,268.419525146484,283.472595214844
"2548",2020-12-22,286.662445068359,267.79248046875,283.89404296875
"2549",2020-12-23,286.330871582031,265.319610595703,283.806854248047
"2550",2020-12-24,280.994445800781,262.202514648438,281.550323486328
"2551",2020-12-25,284.036437988281,265.911529541016,283.537384033203
"2552",2020-12-26,286.091339111328,262.37158203125,283.008575439453
"2553",2020-12-27,286.789764404297,266.202362060547,284.382202148438
"2554",2020-12-28,285.624145507812,271.359405517578,284.139312744141
"2555",2020-12-29,283.743743896484,275.336059570312,284.340911865234
"2556",2020-12-30,283.203857421875,265.517791748047,283.281097412109
"2557",2020-12-31,282.683929443359,261.726043701172,280.905151367188
"2558",2021-01-01,282.743011474609,269.948364257812,282.248992919922
"2559",2021-01-02,284.446380615234,268.659393310547,282.214630126953
"2560",2021-01-03,284.053833007812,269.160125732422,282.633514404297
"2561",2021-01-04,285.400024414062,269.664947509766,283.172271728516
"2562",2021-01-05,285.775054931641,270.887817382812,283.688781738281
"2563",2021-01-06,285.158416748047,268.392944335938,283.514373779297
"2564",2021-01-07,285.488983154297,268.378051757812,282.507537841797
"2565",2021-01-08,286.281341552734,267.087005615234,282.953979492188
"2566",2021-01-09,285.81982421875,266.189697265625,281.492095947266
"2567",2021-01-10,284.801544189453,269.323089599609,284.5390625
"2568",2021-01-11,284.683502197266,268.149383544922,283.417175292969
"2569",2021-01-12,284.384124755859,264.953002929688,283.157531738281
"2570",2021-01-13,285.052185058594,263.400207519531,282.520751953125
"2571",2021-01-14,288.665985107422,264.131500244141,284.810638427734
"2572",2021-01-15,290.975555419922,264.849243164062,289.825469970703
"2573",2021-01-16,291.084381103516,265.088134765625,287.749176025391
"2574",2021-01-17,290.313629150391,267.079620361328,289.167999267578
"2575",2021-01-18,289.789215087891,265.645904541016,286.386932373047
"2576",2021-01-19,288.536163330078,267.0390625,288.437652587891
"2577",2021-01-20,288.133209228516,278.419555664062,288.353271484375
"2578",2021-01-21,288.843231201172,281.641998291016,289.921051025391
"2579",2021-01-22,288.086181640625,281.977630615234,288.926971435547
"2580",2021-01-23,287.091888427734,278.588348388672,288.831970214844
"2581",2021-01-24,284.195281982422,276.497039794922,286.545227050781
"2582",2021-01-25,284.214813232422,273.94921875,285.824645996094
"2583",2021-01-26,281.479705810547,271.535369873047,283.917816162109
"2584",2021-01-27,282.775909423828,271.158050537109,284.084747314453
"2585",2021-01-28,285.069244384766,270.708648681641,286.363128662109
"2586",2021-01-29,287.811370849609,272.092254638672,288.837890625
"2587",2021-01-30,283.984008789062,274.342010498047,285.980773925781
"2588",2021-01-31,285.827941894531,271.851348876953,287.300354003906
"2589",2021-02-01,289.151275634766,270.736328125,289.846405029297
"2590",2021-02-02,292.021484375,273.843627929688,291.870452880859
"2591",2021-02-03,295.795349121094,276.603546142578,295.559265136719
"2592",2021-02-04,292.540222167969,265.446350097656,293.724151611328
"2593",2021-02-05,287.669830322266,264.072052001953,288.946075439453
"2594",2021-02-06,288.3662109375,264.073822021484,288.194763183594
"2595",2021-02-07,290.426818847656,261.382781982422,288.479034423828
"2596",2021-02-08,289.466217041016,262.130157470703,289.174346923828
"2597",2021-02-09,289.021575927734,264.944610595703,289.94140625
"2598",2021-02-10,290.496643066406,272.387298583984,290.696136474609
"2599",2021-02-11,291.250610351562,269.605224609375,290.540740966797
"2600",2021-02-12,291.714752197266,273.063568115234,293.232208251953
"2601",2021-02-13,289.248626708984,273.727203369141,289.807891845703
"2602",2021-02-14,289.089630126953,264.348785400391,290.513641357422
"2603",2021-02-15,286.811737060547,260.539093017578,286.905853271484
"2604",2021-02-16,289.412200927734,268.828704833984,291.324829101562
"2605",2021-02-17,288.013031005859,261.398712158203,289.115142822266
"2606",2021-02-18,286.432250976562,260.368041992188,288.415618896484
"2607",2021-02-19,286.220520019531,257.118194580078,287.013916015625
"2608",2021-02-20,288.625823974609,257.085723876953,288.997344970703
"2609",2021-02-21,288.703704833984,263.399963378906,290.000061035156
"2610",2021-02-22,287.798370361328,262.340087890625,288.799438476562
"2611",2021-02-23,290.898834228516,262.689300537109,290.213775634766
"2612",2021-02-24,291.381652832031,265.638214111328,291.667144775391
"2613",2021-02-25,289.336181640625,263.390563964844,291.755950927734
"2614",2021-02-26,285.929107666016,257.012512207031,286.757598876953
"2615",2021-02-27,288.318878173828,256.745635986328,290.039428710938
"2616",2021-02-28,286.762756347656,259.760406494141,289.350616455078
"2617",2021-03-01,285.491149902344,256.180480957031,287.030059814453
"2618",2021-03-02,287.896179199219,255.51350402832,289.465789794922
"2619",2021-03-03,289.786956787109,260.537506103516,290.839233398438
"2620",2021-03-04,287.688598632812,275.376434326172,291.092987060547
"2621",2021-03-05,290.988250732422,272.355346679688,292.364166259766
"2622",2021-03-06,295.053131103516,267.468658447266,295.146057128906
"2623",2021-03-07,294.864349365234,263.596099853516,296.562805175781
"2624",2021-03-08,295.527099609375,269.620574951172,298.206146240234
"2625",2021-03-09,292.861480712891,271.409301757812,296.283050537109
"2626",2021-03-10,287.605682373047,271.530853271484,291.143157958984
"2627",2021-03-11,285.443756103516,273.466705322266,288.810638427734
"2628",2021-03-12,284.884429931641,272.280242919922,289.053558349609
"2629",2021-03-13,285.919067382812,269.289611816406,289.603424072266
"2630",2021-03-14,287.828582763672,267.895904541016,290.613494873047
"2631",2021-03-15,292.147644042969,268.263153076172,295.028259277344
"2632",2021-03-16,285.349761962891,272.042633056641,290.177947998047
"2633",2021-03-17,287.452575683594,268.640167236328,291.798858642578
"2634",2021-03-18,292.612884521484,266.241455078125,294.982116699219
"2635",2021-03-19,294.334075927734,262.359588623047,296.554962158203
"2636",2021-03-20,296.701751708984,272.177673339844,299.281219482422
"2637",2021-03-21,292.272796630859,264.587127685547,295.825164794922
"2638",2021-03-22,291.340789794922,259.077789306641,294.710662841797
"2639",2021-03-23,290.754760742188,268.32177734375,294.36865234375
"2640",2021-03-24,290.087677001953,267.673065185547,293.066802978516
"2641",2021-03-25,291.068634033203,265.17626953125,293.539276123047
"2642",2021-03-26,287.988983154297,275.391448974609,292.442840576172
"2643",2021-03-27,291.328979492188,267.863189697266,293.217193603516
"2644",2021-03-28,294.970855712891,263.535980224609,297.299407958984
"2645",2021-03-29,297.942993164062,263.028778076172,299.506469726562
"2646",2021-03-30,297.083526611328,259.968414306641,300.074462890625
"2647",2021-03-31,293.532135009766,254.569961547852,296.623931884766
"2648",2021-04-01,296.340606689453,259.65771484375,298.932281494141
"2649",2021-04-02,301.011627197266,266.152130126953,303.83935546875
"2650",2021-04-03,301.098754882812,269.335357666016,303.783905029297
"2651",2021-04-04,301.05029296875,261.455352783203,303.727661132812
"2652",2021-04-05,301.698394775391,264.988037109375,304.641387939453
"2653",2021-04-06,300.531677246094,268.101684570312,304.193450927734
"2654",2021-04-07,298.509216308594,260.115356445312,300.48583984375
"2655",2021-04-08,300.954040527344,272.355590820312,304.360443115234
"2656",2021-04-09,300.592864990234,266.941253662109,303.241607666016
"2657",2021-04-10,300.175537109375,265.331451416016,302.253265380859
"2658",2021-04-11,300.000732421875,267.90673828125,303.142578125
"2659",2021-04-12,299.707916259766,273.461029052734,303.839721679688
"2660",2021-04-13,299.18505859375,276.0537109375,303.853729248047
"2661",2021-04-14,295.40625,274.321807861328,300.480926513672
"2662",2021-04-15,294.919464111328,268.393341064453,299.684661865234
"2663",2021-04-16,296.002410888672,262.820770263672,299.430023193359
"2664",2021-04-17,296.807830810547,264.390350341797,299.854125976562
"2665",2021-04-18,296.479522705078,267.192626953125,299.870269775391
"2666",2021-04-19,297.589385986328,260.653961181641,300.833862304688
"2667",2021-04-20,300.036071777344,263.332061767578,303.181518554688
"2668",2021-04-21,299.111175537109,266.384948730469,302.530181884766
"2669",2021-04-22,294.311920166016,276.570281982422,299.720733642578
"2670",2021-04-23,296.267761230469,277.104431152344,301.413726806641
"2671",2021-04-24,298.387451171875,273.978729248047,302.028686523438
"2672",2021-04-25,299.368438720703,269.658233642578,303.006561279297
"2673",2021-04-26,295.262878417969,273.413360595703,300.317687988281
"2674",2021-04-27,289.802093505859,275.669830322266,295.550689697266
"2675",2021-04-28,294.275360107422,272.134796142578,298.333526611328
"2676",2021-04-29,299.231292724609,271.951904296875,302.004241943359
"2677",2021-04-30,303.676574707031,265.927093505859,306.456115722656
"2678",2021-05-01,305.048187255859,266.928619384766,308.073822021484
"2679",2021-05-02,301.008605957031,268.875915527344,305.142150878906
"2680",2021-05-03,300.980010986328,271.51220703125,304.690582275391
"2681",2021-05-04,300.196380615234,269.154754638672,303.300415039062
"2682",2021-05-05,301.661926269531,272.075592041016,306.633422851562
"2683",2021-05-06,302.924926757812,273.392974853516,307.233520507812
"2684",2021-05-07,302.505401611328,274.112457275391,307.047027587891
"2685",2021-05-08,301.695587158203,273.112640380859,306.884552001953
"2686",2021-05-09,301.709320068359,275.364074707031,306.673858642578
"2687",2021-05-10,301.437408447266,271.646759033203,306.791809082031
"2688",2021-05-11,301.258758544922,274.515045166016,307.178253173828
"2689",2021-05-12,302.748443603516,273.737548828125,308.132537841797
"2690",2021-05-13,303.772583007812,269.691375732422,308.744262695312
"2691",2021-05-14,304.143096923828,269.776214599609,308.442016601562
"2692",2021-05-15,303.968536376953,272.646850585938,308.445343017578
"2693",2021-05-16,299.184814453125,276.333679199219,305.102081298828
"2694",2021-05-17,297.517364501953,278.842529296875,303.505401611328
"2695",2021-05-18,302.145721435547,279.353515625,307.550079345703
"2696",2021-05-19,304.311737060547,277.620086669922,309.015960693359
"2697",2021-05-20,302.671295166016,273.801025390625,307.241790771484
"2698",2021-05-21,295.484039306641,272.971099853516,302.063720703125
"2699",2021-05-22,293.226959228516,270.538116455078,299.470245361328
"2700",2021-05-23,295.399017333984,264.811950683594,300.734161376953
"2701",2021-05-24,299.6884765625,264.613433837891,303.651123046875
"2702",2021-05-25,302.614654541016,269.567962646484,305.695465087891
"2703",2021-05-26,304.190338134766,269.234436035156,308.713165283203
"2704",2021-05-27,303.275512695312,269.105285644531,308.079681396484
"2705",2021-05-28,304.055084228516,267.6005859375,308.695098876953
"2706",2021-05-29,303.993927001953,270.274017333984,308.412933349609
"2707",2021-05-30,303.840209960938,274.338165283203,308.959594726562
"2708",2021-05-31,304.951873779297,277.135864257812,310.366119384766
"2709",2021-06-01,305.628021240234,274.591033935547,310.377075195312
"2710",2021-06-02,307.061431884766,274.609222412109,311.020538330078
"2711",2021-06-03,308.377777099609,274.313140869141,312.281280517578
"2712",2021-06-04,307.909027099609,271.918914794922,312.036315917969
"2713",2021-06-05,308.932250976562,272.466827392578,313.198638916016
"2714",2021-06-06,307.304656982422,272.951171875,312.247161865234
"2715",2021-06-07,305.055511474609,277.812896728516,309.966583251953
"2716",2021-06-08,303.240264892578,274.18115234375,308.858856201172
"2717",2021-06-09,303.976409912109,274.390655517578,308.5458984375
"2718",2021-06-10,303.480316162109,271.872253417969,308.918426513672
"2719",2021-06-11,302.172027587891,261.081237792969,307.064453125
"2720",2021-06-12,305.956390380859,265.519073486328,310.047729492188
"2721",2021-06-13,308.597717285156,267.108642578125,312.342163085938
"2722",2021-06-14,309.140167236328,270.749969482422,312.95166015625
"2723",2021-06-15,310.518707275391,274.688018798828,314.411407470703
"2724",2021-06-16,312.158294677734,278.457122802734,316.508880615234
"2725",2021-06-17,312.740844726562,281.332183837891,317.270111083984
"2726",2021-06-18,313.989379882812,279.689727783203,318.000854492188
"2727",2021-06-19,313.399261474609,281.998809814453,317.582427978516
"2728",2021-06-20,313.743743896484,279.36865234375,317.645751953125
"2729",2021-06-21,310.753326416016,278.948822021484,315.404541015625
"2730",2021-06-22,310.050201416016,280.717437744141,314.763458251953
"2731",2021-06-23,307.426391601562,283.590667724609,312.693084716797
"2732",2021-06-24,305.536712646484,288.329803466797,312.466156005859
"2733",2021-06-25,308.141876220703,280.291015625,314.048645019531
"2734",2021-06-26,308.160064697266,270.795440673828,313.149810791016
"2735",2021-06-27,311.339691162109,275.915313720703,316.876312255859
"2736",2021-06-28,312.094757080078,280.414215087891,317.07177734375
"2737",2021-06-29,310.671234130859,282.906463623047,315.811370849609
"2738",2021-06-30,308.718139648438,283.789703369141,314.251831054688
"2739",2021-07-01,308.057098388672,285.660919189453,314.321624755859
"2740",2021-07-02,309.340698242188,285.740447998047,314.863128662109
"2741",2021-07-03,310.234344482422,285.726715087891,315.7197265625
"2742",2021-07-04,309.246704101562,287.843475341797,314.226287841797
"2743",2021-07-05,310.809906005859,282.739135742188,316.146270751953
"2744",2021-07-06,311.735778808594,268.321136474609,316.638549804688
"2745",2021-07-07,311.640502929688,280.086700439453,316.463348388672
"2746",2021-07-08,311.518280029297,284.971893310547,317.101715087891
"2747",2021-07-09,311.852142333984,290.007049560547,317.587768554688
"2748",2021-07-10,312.954345703125,288.272796630859,317.932098388672
"2749",2021-07-11,311.906341552734,287.78369140625,317.501983642578
"2750",2021-07-12,311.307769775391,288.506103515625,317.598419189453
"2751",2021-07-13,309.981292724609,288.988433837891,315.926727294922
"2752",2021-07-14,309.070343017578,288.615753173828,314.437408447266
"2753",2021-07-15,308.399261474609,289.995239257812,313.833099365234
"2754",2021-07-16,310.123260498047,288.613006591797,316.075531005859
"2755",2021-07-17,309.425018310547,286.794891357422,314.790191650391
"2756",2021-07-18,307.874755859375,291.754028320312,313.456329345703
"2757",2021-07-19,309.180145263672,289.214508056641,314.863189697266
"2758",2021-07-20,310.659973144531,287.898406982422,316.906158447266
"2759",2021-07-21,309.832641601562,289.52783203125,315.331817626953
"2760",2021-07-22,309.966064453125,291.846923828125,314.999938964844
"2761",2021-07-23,307.790893554688,290.056488037109,312.406036376953
"2762",2021-07-24,304.811981201172,291.311981201172,308.952728271484
"2763",2021-07-25,303.53759765625,293.82568359375,306.869903564453
"2764",2021-07-26,303.296844482422,292.751098632812,307.921417236328
"2765",2021-07-27,306.316284179688,290.567932128906,310.185089111328
"2766",2021-07-28,309.478668212891,286.32080078125,314.260040283203
"2767",2021-07-29,310.972259521484,282.202606201172,315.219635009766
"2768",2021-07-30,309.096038818359,283.876861572266,314.268280029297
"2769",2021-07-31,306.914916992188,289.035186767578,312.493133544922
"2770",2021-08-01,310.334991455078,283.051300048828,315.795043945312
"2771",2021-08-02,312.310638427734,277.353637695312,317.833923339844
"2772",2021-08-03,312.837860107422,279.921051025391,317.498199462891
"2773",2021-08-04,313.259368896484,280.338012695312,317.486419677734
"2774",2021-08-05,312.544708251953,285.060485839844,317.401824951172
"2775",2021-08-06,311.089447021484,289.149810791016,316.295654296875
"2776",2021-08-07,309.986267089844,286.371490478516,314.924652099609
"2777",2021-08-08,309.721923828125,285.475952148438,315.019287109375
"2778",2021-08-09,308.784332275391,288.8818359375,314.598327636719
"2779",2021-08-10,307.557495117188,291.570953369141,313.272369384766
"2780",2021-08-11,306.468902587891,292.267303466797,312.662933349609
"2781",2021-08-12,306.184417724609,293.072570800781,312.057861328125
"2782",2021-08-13,308.320220947266,290.910614013672,314.431640625
"2783",2021-08-14,306.493408203125,291.349029541016,312.413482666016
"2784",2021-08-15,308.054840087891,290.962554931641,313.996856689453
"2785",2021-08-16,310.288116455078,290.050445556641,315.705139160156
"2786",2021-08-17,308.518341064453,290.191497802734,313.256500244141
"2787",2021-08-18,308.271759033203,287.403686523438,312.450286865234
"2788",2021-08-19,305.342834472656,287.624877929688,310.658172607422
"2789",2021-08-20,305.880889892578,282.571746826172,311.187591552734
"2790",2021-08-21,307.166564941406,283.036102294922,311.943023681641
"2791",2021-08-22,305.706268310547,275.223480224609,310.60107421875
"2792",2021-08-23,306.099029541016,268.8994140625,310.296356201172
"2793",2021-08-24,307.0322265625,275.486114501953,311.173980712891
"2794",2021-08-25,310.083953857422,275.199432373047,313.664520263672
"2795",2021-08-26,310.800506591797,279.968536376953,315.018341064453
"2796",2021-08-27,311.628112792969,279.677368164062,315.276458740234
"2797",2021-08-28,311.1982421875,284.262420654297,315.358306884766
"2798",2021-08-29,309.244232177734,288.440399169922,314.601806640625
"2799",2021-08-30,309.641754150391,286.204437255859,313.383514404297
"2800",2021-08-31,305.685760498047,292.086578369141,310.288421630859
"2801",2021-09-01,302.251312255859,293.844848632812,307.314361572266
"2802",2021-09-02,304.798126220703,287.954956054688,308.920257568359
"2803",2021-09-03,307.675323486328,282.572509765625,312.482818603516
"2804",2021-09-04,308.091888427734,275.698760986328,311.666259765625
"2805",2021-09-05,309.066345214844,267.319549560547,311.913330078125
"2806",2021-09-06,308.223876953125,284.529327392578,313.104522705078
"2807",2021-09-07,308.307525634766,289.588745117188,313.191131591797
"2808",2021-09-08,309.542938232422,289.115661621094,314.1357421875
"2809",2021-09-09,309.070434570312,289.078521728516,312.989654541016
"2810",2021-09-10,308.55126953125,285.899169921875,311.136108398438
"2811",2021-09-11,307.753509521484,288.831115722656,312.093597412109
"2812",2021-09-12,309.305511474609,286.148406982422,313.511077880859
"2813",2021-09-13,310.007476806641,281.326263427734,313.281768798828
"2814",2021-09-14,308.515625,279.052154541016,311.534210205078
"2815",2021-09-15,307.009918212891,275.012969970703,310.298858642578
"2816",2021-09-16,306.180969238281,271.881591796875,309.146942138672
"2817",2021-09-17,305.904998779297,275.750030517578,309.130645751953
"2818",2021-09-18,305.681060791016,285.455200195312,309.760345458984
"2819",2021-09-19,304.340667724609,278.657440185547,307.481140136719
"2820",2021-09-20,303.707550048828,274.688659667969,307.170776367188
"2821",2021-09-21,304.054534912109,273.545013427734,307.006042480469
"2822",2021-09-22,305.753814697266,273.598175048828,307.230316162109
"2823",2021-09-23,304.889984130859,272.867797851562,306.43603515625
"2824",2021-09-24,302.988983154297,286.483612060547,306.615753173828
"2825",2021-09-25,300.869720458984,286.212982177734,305.478424072266
"2826",2021-09-26,302.104949951172,287.243438720703,306.001922607422
"2827",2021-09-27,299.526123046875,287.282257080078,303.650756835938
"2828",2021-09-28,303.257354736328,287.036743164062,306.814239501953
"2829",2021-09-29,299.955322265625,277.994964599609,303.912078857422
"2830",2021-09-30,299.587677001953,272.300964355469,302.258544921875
"2831",2021-10-01,299.86328125,267.021270751953,301.865447998047
"2832",2021-10-02,301.720947265625,267.026214599609,303.533996582031
"2833",2021-10-03,303.164459228516,268.982086181641,305.000640869141
"2834",2021-10-04,302.953338623047,271.261199951172,304.926147460938
"2835",2021-10-05,300.238586425781,284.816131591797,304.375579833984
"2836",2021-10-06,297.527954101562,286.877777099609,300.751129150391
"2837",2021-10-07,301.023315429688,283.950378417969,303.988922119141
"2838",2021-10-08,298.948394775391,282.372100830078,301.948516845703
"2839",2021-10-09,295.675323486328,279.801361083984,299.073974609375
"2840",2021-10-10,295.435943603516,274.172882080078,297.651733398438
"2841",2021-10-11,295.639617919922,270.607543945312,296.105499267578
"2842",2021-10-12,291.087463378906,269.53759765625,295.246307373047
"2843",2021-10-13,290.010009765625,266.828186035156,291.585815429688
"2844",2021-10-14,292.242431640625,267.231018066406,292.789215087891
"2845",2021-10-15,293.793395996094,269.466705322266,295.464202880859
"2846",2021-10-16,294.267730712891,266.335113525391,295.724945068359
"2847",2021-10-17,297.373687744141,263.991851806641,296.592681884766
"2848",2021-10-18,295.6875,274.970245361328,297.493560791016
"2849",2021-10-19,291.742095947266,275.425567626953,294.403198242188
"2850",2021-10-20,293.652282714844,274.582794189453,294.985565185547
"2851",2021-10-21,295.616851806641,275.861999511719,296.182342529297
"2852",2021-10-22,296.839385986328,274.589080810547,296.221252441406
"2853",2021-10-23,296.27880859375,272.512329101562,297.105651855469
"2854",2021-10-24,296.215301513672,277.339569091797,297.476287841797
"2855",2021-10-25,296.571624755859,280.818939208984,297.975646972656
"2856",2021-10-26,292.837463378906,277.232391357422,296.084747314453
"2857",2021-10-27,291.652679443359,271.316680908203,292.754852294922
"2858",2021-10-28,294.792083740234,274.761993408203,295.795837402344
"2859",2021-10-29,296.997924804688,273.991790771484,296.740753173828
"2860",2021-10-30,297.67138671875,276.334747314453,296.745391845703
"2861",2021-10-31,296.580505371094,278.258911132812,297.751495361328
"2862",2021-11-01,296.053375244141,278.145812988281,297.346771240234
"2863",2021-11-02,295.580688476562,277.047119140625,297.009765625
"2864",2021-11-03,295.828247070312,274.739868164062,295.20166015625
"2865",2021-11-04,297.174743652344,275.160125732422,295.741394042969
"2866",2021-11-05,296.528228759766,274.884429931641,295.720672607422
"2867",2021-11-06,295.788269042969,274.858856201172,295.584014892578
"2868",2021-11-07,295.397125244141,275.891510009766,296.321685791016
"2869",2021-11-08,294.64404296875,276.083343505859,295.660522460938
"2870",2021-11-09,294.379302978516,278.259552001953,295.348175048828
"2871",2021-11-10,294.611358642578,275.474029541016,294.364776611328
"2872",2021-11-11,295.179473876953,274.197296142578,295.327362060547
"2873",2021-11-12,295.055816650391,270.601623535156,295.477874755859
"2874",2021-11-13,295.859710693359,272.697601318359,294.662200927734
"2875",2021-11-14,296.287780761719,272.224212646484,293.622955322266
"2876",2021-11-15,295.469421386719,271.812622070312,292.930267333984
"2877",2021-11-16,292.309844970703,272.782135009766,291.246002197266
"2878",2021-11-17,291.887237548828,272.053009033203,290.519683837891
"2879",2021-11-18,291.935119628906,272.035675048828,290.413726806641
"2880",2021-11-19,291.662139892578,269.803985595703,291.398620605469
"2881",2021-11-20,291.826629638672,268.847564697266,290.571563720703
"2882",2021-11-21,291.797943115234,272.519195556641,291.502838134766
"2883",2021-11-22,290.181976318359,268.491271972656,290.817291259766
"2884",2021-11-23,292.307159423828,266.490814208984,291.765106201172
"2885",2021-11-24,290.817108154297,268.665222167969,290.434844970703
"2886",2021-11-25,289.027038574219,263.018768310547,289.468017578125
"2887",2021-11-26,287.731536865234,263.088073730469,288.764678955078
"2888",2021-11-27,289.403228759766,261.460418701172,287.424163818359
"2889",2021-11-28,289.734893798828,263.718658447266,286.954742431641
"2890",2021-11-29,291.399017333984,266.369873046875,288.527801513672
"2891",2021-11-30,292.129058837891,269.517669677734,288.598480224609
"2892",2021-12-01,291.879028320312,271.301849365234,289.127777099609
"2893",2021-12-02,292.489593505859,269.134368896484,289.812866210938
"2894",2021-12-03,292.2265625,270.217041015625,289.100769042969
"2895",2021-12-04,291.534698486328,271.698150634766,288.662689208984
"2896",2021-12-05,290.344299316406,269.530151367188,287.133514404297
"2897",2021-12-06,290.06396484375,268.750457763672,287.158538818359
"2898",2021-12-07,288.828277587891,269.615509033203,288.251312255859
"2899",2021-12-08,288.843658447266,274.610321044922,288.832366943359
"2900",2021-12-09,289.086029052734,276.600799560547,289.06689453125
"2901",2021-12-10,286.639007568359,276.777435302734,288.150848388672
"2902",2021-12-11,282.487335205078,264.861999511719,283.5791015625
"2903",2021-12-12,283.204742431641,264.372222900391,282.192718505859
"2904",2021-12-13,283.884246826172,265.546417236328,282.930023193359
"2905",2021-12-14,288.299041748047,275.043975830078,287.974456787109
"2906",2021-12-15,284.856567382812,271.308380126953,286.869659423828
"2907",2021-12-16,281.736938476562,265.337677001953,280.908050537109
"2908",2021-12-17,282.468627929688,268.96044921875,282.064971923828
"2909",2021-12-18,282.475433349609,267.496856689453,283.305206298828
"2910",2021-12-19,283.613677978516,265.350311279297,282.351043701172
"2911",2021-12-20,284.922821044922,264.397369384766,282.455657958984
"2912",2021-12-21,286.261413574219,269.295440673828,285.187225341797
"2913",2021-12-22,285.187652587891,271.365142822266,283.122161865234
"2914",2021-12-23,289.834655761719,270.501251220703,288.84912109375
"2915",2021-12-24,290.865997314453,280.958831787109,291.185882568359
"2916",2021-12-25,284.642211914062,279.234466552734,285.368011474609
"2917",2021-12-26,286.501281738281,278.499450683594,286.505096435547
"2918",2021-12-27,283.096527099609,275.81494140625,283.555877685547
"2919",2021-12-28,283.847198486328,275.591583251953,283.833282470703
"2920",2021-12-29,283.2216796875,276.377288818359,283.799285888672
"2921",2021-12-30,284.477325439453,278.037658691406,284.457489013672
"2922",2021-12-31,286.7509765625,280.991668701172,287.448394775391
"2923",2022-01-01,285.169342041016,269.843353271484,286.011077880859
"2924",2022-01-02,279.667938232422,261.449127197266,281.028015136719
"2925",2022-01-03,281.459136962891,257.731292724609,280.423614501953
"2926",2022-01-04,282.341156005859,262.311645507812,281.196502685547
"2927",2022-01-05,284.756195068359,261.778198242188,282.109405517578
"2928",2022-01-06,286.780914306641,265.328186035156,283.868194580078
"2929",2022-01-07,286.248260498047,270.657409667969,284.917327880859
"2930",2022-01-08,288.460662841797,270.390441894531,288.618438720703
"2931",2022-01-09,287.913665771484,269.073791503906,286.733703613281
"2932",2022-01-10,287.640533447266,264.809051513672,287.909729003906
"2933",2022-01-11,287.600402832031,264.053070068359,288.058074951172
"2934",2022-01-12,286.792633056641,264.535858154297,285.743957519531
"2935",2022-01-13,288.107971191406,266.792694091797,285.591644287109
"2936",2022-01-14,290.200347900391,267.954864501953,289.166900634766
"2937",2022-01-15,288.30615234375,268.319976806641,288.887878417969
"2938",2022-01-16,287.207946777344,266.663452148438,286.945251464844
"2939",2022-01-17,289.001007080078,265.537689208984,287.223724365234
"2940",2022-01-18,289.659301757812,268.075836181641,290.1533203125
"2941",2022-01-19,289.552734375,272.701690673828,288.862274169922
"2942",2022-01-20,287.9208984375,270.088104248047,288.010284423828
"2943",2022-01-21,287.002838134766,266.235717773438,285.768341064453
"2944",2022-01-22,288.666656494141,271.351348876953,289.796295166016
"2945",2022-01-23,287.969573974609,272.356414794922,288.999359130859
"2946",2022-01-24,287.988220214844,264.677062988281,287.428924560547
"2947",2022-01-25,286.812713623047,265.766448974609,286.546264648438
"2948",2022-01-26,285.853546142578,266.172149658203,287.265472412109
"2949",2022-01-27,284.841766357422,264.055358886719,284.309722900391
"2950",2022-01-28,285.776458740234,260.727905273438,285.992919921875
"2951",2022-01-29,285.872619628906,258.989654541016,286.230560302734
"2952",2022-01-30,288.997161865234,257.836090087891,287.499114990234
"2953",2022-01-31,287.570343017578,260.882873535156,285.286254882812
"2954",2022-02-01,286.747802734375,262.755401611328,286.802886962891
"2955",2022-02-02,285.378936767578,258.996063232422,287.200866699219
"2956",2022-02-03,281.497650146484,256.890502929688,282.727722167969
"2957",2022-02-04,281.77197265625,259.855499267578,282.858612060547
"2958",2022-02-05,284.130767822266,261.206634521484,284.085968017578
"2959",2022-02-06,286.836517333984,261.152496337891,284.847198486328
"2960",2022-02-07,288.38818359375,260.298614501953,288.803283691406
"2961",2022-02-08,288.729248046875,258.975616455078,287.866180419922
"2962",2022-02-09,289.245086669922,264.294891357422,289.225067138672
"2963",2022-02-10,293.642761230469,267.874725341797,293.625946044922
"2964",2022-02-11,292.387481689453,270.699645996094,291.593536376953
"2965",2022-02-12,292.846160888672,265.297515869141,293.073150634766
"2966",2022-02-13,292.96630859375,260.061401367188,292.228118896484
"2967",2022-02-14,292.276092529297,261.763641357422,290.581634521484
"2968",2022-02-15,292.351470947266,264.355560302734,292.372222900391
"2969",2022-02-16,286.358489990234,273.318572998047,290.106597900391
"2970",2022-02-17,288.421234130859,265.900299072266,290.280242919922
"2971",2022-02-18,287.324951171875,260.588592529297,287.389099121094
"2972",2022-02-19,290.478454589844,261.310089111328,289.818725585938
"2973",2022-02-20,292.097076416016,263.962615966797,291.679931640625
"2974",2022-02-21,291.219848632812,268.030609130859,293.140167236328
"2975",2022-02-22,287.221557617188,274.7880859375,289.798004150391
"2976",2022-02-23,284.910278320312,274.131561279297,288.238800048828
"2977",2022-02-24,281.346527099609,267.133422851562,283.560729980469
"2978",2022-02-25,283.555694580078,263.089263916016,284.596527099609
"2979",2022-02-26,285.337615966797,261.774688720703,287.223999023438
"2980",2022-02-27,286.747436523438,261.196441650391,288.464019775391
"2981",2022-02-28,289.279632568359,254.885681152344,290.211791992188
"2982",2022-03-01,291.356353759766,258.798950195312,291.937896728516
"2983",2022-03-02,295.286468505859,260.403991699219,293.934539794922
"2984",2022-03-03,295.731597900391,266.043426513672,295.900787353516
"2985",2022-03-04,293.001434326172,271.423675537109,295.933807373047
"2986",2022-03-05,288.733734130859,274.986541748047,291.370788574219
"2987",2022-03-06,285.424224853516,271.212768554688,289.322021484375
"2988",2022-03-07,287.105560302734,264.974609375,289.101531982422
"2989",2022-03-08,285.937469482422,259.177581787109,288.084228515625
"2990",2022-03-09,288.128509521484,260.204711914062,288.877105712891
"2991",2022-03-10,290.405181884766,266.172149658203,293.123077392578
"2992",2022-03-11,286.318176269531,258.036285400391,289.683197021484
"2993",2022-03-12,289.295379638672,255.493530273438,290.676849365234
"2994",2022-03-13,291.72607421875,261.019165039062,292.049987792969
"2995",2022-03-14,293.643829345703,263.410491943359,294.058044433594
"2996",2022-03-15,294.593109130859,265.976379394531,295.110137939453
"2997",2022-03-16,295.972198486328,270.913543701172,297.449005126953
"2998",2022-03-17,295.0810546875,269.136749267578,297.188995361328
"2999",2022-03-18,293.692108154297,260.427978515625,293.926940917969
"3000",2022-03-19,294.865234375,265.418548583984,294.718017578125
"3001",2022-03-20,294.283416748047,274.179107666016,298.045379638672
"3002",2022-03-21,292.828399658203,259.397979736328,295.265960693359
"3003",2022-03-22,293.918365478516,265.172241210938,295.389251708984
"3004",2022-03-23,294.806396484375,264.988494873047,297.566741943359
"3005",2022-03-24,294.876861572266,260.061737060547,295.864654541016
"3006",2022-03-25,297.509674072266,268.00146484375,299.168853759766
"3007",2022-03-26,300.407043457031,269.615875244141,301.772491455078
"3008",2022-03-27,298.001129150391,266.775054931641,300.156646728516
"3009",2022-03-28,298.22998046875,271.536407470703,300.828460693359
"3010",2022-03-29,291.788604736328,277.403350830078,296.381072998047
"3011",2022-03-30,293.909027099609,274.046539306641,297.545288085938
"3012",2022-03-31,296.367401123047,270.415374755859,299.94580078125
"3013",2022-04-01,296.860168457031,271.925018310547,300.995391845703
"3014",2022-04-02,297.545288085938,271.557800292969,301.955932617188
"3015",2022-04-03,296.589935302734,274.274322509766,301.333831787109
"3016",2022-04-04,297.567047119141,277.721710205078,302.528106689453
"3017",2022-04-05,299.236297607422,275.377502441406,302.761932373047
"3018",2022-04-06,299.821960449219,270.743865966797,302.578948974609
"3019",2022-04-07,298.513702392578,259.633087158203,301.503997802734
"3020",2022-04-08,299.991180419922,257.992431640625,302.972747802734
"3021",2022-04-09,301.519134521484,265.482025146484,302.836608886719
"3022",2022-04-10,300.330352783203,269.421203613281,303.810150146484
"3023",2022-04-11,296.657623291016,273.610321044922,300.927734375
"3024",2022-04-12,292.828521728516,271.528717041016,298.233276367188
"3025",2022-04-13,289.017730712891,255.081604003906,293.104949951172
"3026",2022-04-14,291.737091064453,258.421234130859,295.557586669922
"3027",2022-04-15,295.525909423828,266.095306396484,299.895141601562
"3028",2022-04-16,297.825317382812,269.266510009766,301.333190917969
"3029",2022-04-17,297.577911376953,273.932098388672,301.311676025391
"3030",2022-04-18,300.013610839844,266.401153564453,302.029052734375
"3031",2022-04-19,302.368438720703,263.952880859375,304.2548828125
"3032",2022-04-20,297.996643066406,273.459197998047,303.172271728516
"3033",2022-04-21,298.270111083984,274.201049804688,302.918548583984
"3034",2022-04-22,295.706329345703,274.212951660156,300.870727539062
"3035",2022-04-23,292.614959716797,271.478546142578,296.87451171875
"3036",2022-04-24,295.601959228516,261.958404541016,298.889007568359
"3037",2022-04-25,296.413757324219,261.651397705078,300.208953857422
"3038",2022-04-26,300.546081542969,258.213897705078,302.860198974609
"3039",2022-04-27,300.721252441406,264.058380126953,304.488494873047
"3040",2022-04-28,299.428375244141,270.014221191406,303.608184814453
"3041",2022-04-29,297.058380126953,269.514556884766,302.128601074219
"3042",2022-04-30,299.908569335938,264.419647216797,302.676116943359
"3043",2022-05-01,301.314422607422,265.756195068359,305.064971923828
"3044",2022-05-02,300.772125244141,270.652618408203,305.306304931641
"3045",2022-05-03,300.588653564453,276.556304931641,306.365112304688
"3046",2022-05-04,298.626983642578,265.469940185547,302.823486328125
"3047",2022-05-05,300.464630126953,270.599792480469,303.666534423828
"3048",2022-05-06,302.816497802734,268.679718017578,306.635772705078
"3049",2022-05-07,304.014770507812,272.748901367188,307.722503662109
"3050",2022-05-08,301.55224609375,273.728698730469,306.505096435547
"3051",2022-05-09,296.539459228516,275.332794189453,302.889556884766
"3052",2022-05-10,296.383056640625,269.155792236328,302.657684326172
"3053",2022-05-11,295.498809814453,265.343719482422,301.808685302734
"3054",2022-05-12,294.014862060547,262.582794189453,298.859344482422
"3055",2022-05-13,298.227569580078,263.309539794922,301.210968017578
"3056",2022-05-14,303.366363525391,264.885406494141,304.927764892578
"3057",2022-05-15,305.356292724609,264.240539550781,307.718627929688
"3058",2022-05-16,305.482788085938,269.370086669922,309.986663818359
"3059",2022-05-17,305.075225830078,274.433502197266,309.526123046875
"3060",2022-05-18,303.351654052734,274.878326416016,308.153442382812
"3061",2022-05-19,304.048797607422,274.400543212891,308.934722900391
"3062",2022-05-20,302.309112548828,278.585693359375,307.454010009766
"3063",2022-05-21,300.481842041016,282.532348632812,306.772796630859
"3064",2022-05-22,301.450714111328,280.577239990234,307.369384765625
"3065",2022-05-23,302.949615478516,277.646087646484,308.717193603516
"3066",2022-05-24,303.248596191406,276.548065185547,309.238739013672
"3067",2022-05-25,304.577758789062,274.172424316406,309.112701416016
"3068",2022-05-26,305.788970947266,273.607391357422,310.286773681641
"3069",2022-05-27,305.730926513672,274.2470703125,310.0654296875
"3070",2022-05-28,305.923492431641,273.917572021484,310.619720458984
"3071",2022-05-29,301.473236083984,279.769683837891,307.328552246094
"3072",2022-05-30,301.493499755859,273.713897705078,306.563659667969
"3073",2022-05-31,301.380249023438,270.247131347656,306.729522705078
"3074",2022-06-01,302.613006591797,269.250946044922,306.939300537109
"3075",2022-06-02,303.783721923828,268.213470458984,307.700225830078
"3076",2022-06-03,305.653900146484,274.789093017578,310.261749267578
"3077",2022-06-04,304.880004882812,276.205291748047,309.169952392578
"3078",2022-06-05,305.050079345703,278.571441650391,310.297485351562
"3079",2022-06-06,306.511199951172,281.232635498047,312.086822509766
"3080",2022-06-07,307.734893798828,282.127014160156,312.913696289062
"3081",2022-06-08,307.866851806641,280.871551513672,313.121337890625
"3082",2022-06-09,308.276885986328,280.453277587891,313.700408935547
"3083",2022-06-10,309.583648681641,281.841979980469,314.636352539062
"3084",2022-06-11,311.286743164062,280.677886962891,315.881958007812
"3085",2022-06-12,311.730743408203,280.4326171875,315.578033447266
"3086",2022-06-13,308.566741943359,277.752532958984,313.020935058594
"3087",2022-06-14,304.701416015625,270.753021240234,310.587371826172
"3088",2022-06-15,306.534332275391,271.006286621094,312.298370361328
"3089",2022-06-16,308.097747802734,275.467620849609,313.261260986328
"3090",2022-06-17,308.793365478516,269.272338867188,313.032501220703
"3091",2022-06-18,307.001434326172,273.233795166016,312.011627197266
"3092",2022-06-19,302.045288085938,270.790618896484,308.223022460938
"3093",2022-06-20,303.407348632812,265.715423583984,307.660614013672
"3094",2022-06-21,306.083648681641,268.473175048828,310.555297851562
"3095",2022-06-22,308.106170654297,281.847259521484,312.749908447266
"3096",2022-06-23,307.629913330078,283.532745361328,312.743072509766
"3097",2022-06-24,308.491790771484,281.954284667969,313.764984130859
"3098",2022-06-25,308.844329833984,283.945770263672,314.320678710938
"3099",2022-06-26,309.220947265625,283.844482421875,315.081237792969
"3100",2022-06-27,306.331512451172,289.84228515625,313.361968994141
"3101",2022-06-28,310.334625244141,286.877899169922,316.808410644531
"3102",2022-06-29,311.415069580078,285.542083740234,316.319152832031
"3103",2022-06-30,310.463623046875,284.390167236328,315.654510498047
"3104",2022-07-01,310.002532958984,281.853485107422,315.234710693359
"3105",2022-07-02,309.309112548828,277.582611083984,314.482635498047
"3106",2022-07-03,308.172485351562,278.794647216797,313.378692626953
"3107",2022-07-04,306.966278076172,277.126373291016,311.874542236328
"3108",2022-07-05,307.058807373047,277.164093017578,312.391448974609
"3109",2022-07-06,306.244079589844,275.713745117188,311.663482666016
"3110",2022-07-07,307.425567626953,278.213745117188,312.498565673828
"3111",2022-07-08,308.710540771484,276.304077148438,313.798248291016
"3112",2022-07-09,310.889434814453,277.897857666016,315.598480224609
"3113",2022-07-10,311.100677490234,276.068145751953,315.695404052734
"3114",2022-07-11,312.427001953125,281.210235595703,317.415802001953
"3115",2022-07-12,312.826141357422,280.258636474609,317.496978759766
"3116",2022-07-13,311.428771972656,280.859344482422,316.307495117188
"3117",2022-07-14,311.885894775391,286.097076416016,317.99951171875
"3118",2022-07-15,310.580108642578,286.180999755859,317.807373046875
"3119",2022-07-16,312.207305908203,286.162139892578,318.653656005859
"3120",2022-07-17,312.271362304688,287.253143310547,318.388275146484
"3121",2022-07-18,309.687957763672,289.704833984375,315.182769775391
"3122",2022-07-19,310.217010498047,289.626373291016,314.946197509766
"3123",2022-07-20,311.25537109375,287.150268554688,316.164215087891
"3124",2022-07-21,312.161956787109,285.561737060547,317.366821289062
"3125",2022-07-22,312.177612304688,283.561218261719,316.814971923828
"3126",2022-07-23,311.707672119141,286.274780273438,316.953369140625
"3127",2022-07-24,307.832672119141,289.697662353516,313.504302978516
"3128",2022-07-25,306.772674560547,291.683532714844,311.700225830078
"3129",2022-07-26,307.003479003906,289.157318115234,312.874450683594
"3130",2022-07-27,307.684783935547,290.571655273438,314.395782470703
"3131",2022-07-28,307.790618896484,289.132171630859,313.564605712891
"3132",2022-07-29,302.899658203125,293.000396728516,309.129058837891
"3133",2022-07-30,303.675323486328,295.412841796875,306.300659179688
"3134",2022-07-31,303.891265869141,294.796875,306.152221679688
"3135",2022-08-01,303.478973388672,295.38330078125,306.535125732422
"3136",2022-08-02,306.685516357422,293.5556640625,308.675750732422
"3137",2022-08-03,309.43408203125,288.100738525391,312.294342041016
"3138",2022-08-04,308.021942138672,289.724212646484,312.777709960938
"3139",2022-08-05,304.894683837891,290.478820800781,309.860687255859
"3140",2022-08-06,310.341217041016,287.519500732422,315.947113037109
"3141",2022-08-07,310.587799072266,287.215515136719,316.344085693359
"3142",2022-08-08,308.273468017578,291.055328369141,314.6982421875
"3143",2022-08-09,306.849884033203,292.011322021484,312.757934570312
"3144",2022-08-10,306.679840087891,293.716613769531,310.628509521484
"3145",2022-08-11,307.046295166016,292.522918701172,313.142120361328
"3146",2022-08-12,308.640686035156,289.371124267578,313.520080566406
"3147",2022-08-13,306.779052734375,292.196136474609,312.720855712891
"3148",2022-08-14,306.330596923828,293.391845703125,311.870941162109
"3149",2022-08-15,304.199249267578,292.944610595703,311.306396484375
"3150",2022-08-16,308.383239746094,289.86328125,314.217803955078
"3151",2022-08-17,309.360260009766,290.511322021484,315.315216064453
"3152",2022-08-18,307.956787109375,293.270843505859,313.717926025391
"3153",2022-08-19,307.412200927734,291.819366455078,314.579711914062
"3154",2022-08-20,306.717681884766,293.6201171875,314.156646728516
"3155",2022-08-21,306.753448486328,293.1142578125,313.476318359375
"3156",2022-08-22,307.016387939453,290.635101318359,313.2255859375
"3157",2022-08-23,309.377899169922,288.715057373047,315.085388183594
"3158",2022-08-24,308.767822265625,289.927093505859,314.560699462891
"3159",2022-08-25,305.994018554688,293.258697509766,312.192047119141
"3160",2022-08-26,308.43994140625,291.627380371094,314.102386474609
"3161",2022-08-27,309.33349609375,287.041381835938,313.942413330078
"3162",2022-08-28,308.48779296875,289.748229980469,313.79833984375
"3163",2022-08-29,308.175201416016,289.305450439453,314.327545166016
"3164",2022-08-30,310.271331787109,288.782958984375,314.733123779297
"3165",2022-08-31,311.330383300781,283.851776123047,314.863311767578
"3166",2022-09-01,310.952484130859,286.575958251953,315.333953857422
"3167",2022-09-02,308.935668945312,290.529907226562,314.509643554688
"3168",2022-09-03,308.680633544922,291.283203125,315.192291259766
"3169",2022-09-04,310.632904052734,289.142669677734,315.528472900391
"3170",2022-09-05,310.565948486328,285.790863037109,314.812652587891
"3171",2022-09-06,310.879241943359,282.736328125,314.486694335938
"3172",2022-09-07,309.343597412109,290.619354248047,315.400146484375
"3173",2022-09-08,307.574981689453,290.173797607422,313.195159912109
"3174",2022-09-09,306.095703125,289.956878662109,310.260070800781
"3175",2022-09-10,301.275665283203,292.465057373047,305.563995361328
"3176",2022-09-11,304.387084960938,288.742767333984,309.7392578125
"3177",2022-09-12,303.935699462891,289.6357421875,309.794891357422
"3178",2022-09-13,304.761199951172,285.330780029297,309.023468017578
"3179",2022-09-14,303.929534912109,287.710693359375,308.372863769531
"3180",2022-09-15,304.051544189453,286.693420410156,308.508941650391
"3181",2022-09-16,303.894256591797,275.498840332031,308.088897705078
"3182",2022-09-17,303.099151611328,278.993011474609,306.594848632812
"3183",2022-09-18,303.014892578125,282.936981201172,306.694274902344
"3184",2022-09-19,303.173126220703,280.726684570312,306.868743896484
"3185",2022-09-20,304.050994873047,280.477203369141,307.361846923828
"3186",2022-09-21,304.310760498047,288.055267333984,307.715057373047
"3187",2022-09-22,303.587615966797,292.315093994141,307.987823486328
"3188",2022-09-23,305.132049560547,291.784210205078,310.483551025391
"3189",2022-09-24,305.356109619141,290.335723876953,310.310516357422
"3190",2022-09-25,307.954284667969,282.068572998047,310.480682373047
"3191",2022-09-26,306.119384765625,271.606536865234,307.463043212891
"3192",2022-09-27,307.675659179688,281.114135742188,309.763641357422
"3193",2022-09-28,306.064056396484,282.871246337891,308.308319091797
"3194",2022-09-29,303.795593261719,287.136016845703,307.302398681641
"3195",2022-09-30,304.391632080078,288.862030029297,308.6064453125
"3196",2022-10-01,303.775939941406,288.437286376953,307.898284912109
"3197",2022-10-02,303.880462646484,289.405120849609,308.245941162109
"3198",2022-10-03,304.025665283203,288.037445068359,308.103363037109
"3199",2022-10-04,300.926513671875,285.278961181641,304.190521240234
"3200",2022-10-05,301.913238525391,282.586090087891,305.429992675781
"3201",2022-10-06,302.703277587891,284.316253662109,306.286590576172
"3202",2022-10-07,301.196899414062,283.466339111328,305.026763916016
"3203",2022-10-08,300.978607177734,283.723480224609,304.038940429688
"3204",2022-10-09,300.294311523438,284.675933837891,304.011871337891
"3205",2022-10-10,300.860717773438,282.730560302734,304.247253417969
"3206",2022-10-11,301.627410888672,281.060546875,305.086303710938
"3207",2022-10-12,301.481109619141,282.489654541016,304.623687744141
"3208",2022-10-13,301.692840576172,281.123687744141,303.949676513672
"3209",2022-10-14,302.744445800781,279.175689697266,303.727203369141
"3210",2022-10-15,300.154693603516,284.295074462891,303.586059570312
"3211",2022-10-16,294.360565185547,287.900115966797,298.566772460938
"3212",2022-10-17,295.960845947266,285.467803955078,297.708038330078
"3213",2022-10-18,297.708129882812,282.977416992188,299.596160888672
"3214",2022-10-19,300.146240234375,278.282012939453,301.415679931641
"3215",2022-10-20,298.519561767578,277.077301025391,300.690551757812
"3216",2022-10-21,300.332397460938,277.292144775391,301.416168212891
"3217",2022-10-22,299.361389160156,282.011810302734,301.070922851562
"3218",2022-10-23,294.662200927734,280.191070556641,298.346221923828
"3219",2022-10-24,290.707763671875,267.049102783203,293.547882080078
"3220",2022-10-25,289.832794189453,261.736175537109,290.630187988281
"3221",2022-10-26,290.906036376953,263.912811279297,292.0888671875
"3222",2022-10-27,292.665191650391,269.226470947266,292.830596923828
"3223",2022-10-28,290.567169189453,262.889801025391,291.863677978516
"3224",2022-10-29,292.428009033203,262.706512451172,292.177429199219
"3225",2022-10-30,293.452545166016,265.294342041016,291.682708740234
"3226",2022-10-31,293.580932617188,267.934814453125,292.667572021484
"3227",2022-11-01,294.291412353516,270.005157470703,294.473297119141
"3228",2022-11-02,293.520599365234,280.195404052734,294.851531982422
"3229",2022-11-03,288.834808349609,275.643005371094,292.051513671875
"3230",2022-11-04,285.867218017578,268.661071777344,287.053649902344
"3231",2022-11-05,288.103149414062,260.017883300781,288.423675537109
"3232",2022-11-06,289.127044677734,266.908721923828,290.262298583984
"3233",2022-11-07,293.048767089844,273.975524902344,293.808624267578
"3234",2022-11-08,293.141326904297,282.249389648438,294.305328369141
"3235",2022-11-09,292.729888916016,278.842681884766,294.848907470703
"3236",2022-11-10,286.377593994141,270.123504638672,287.804260253906
"3237",2022-11-11,286.118133544922,267.827239990234,287.544921875
"3238",2022-11-12,286.235443115234,264.866546630859,287.115905761719
"3239",2022-11-13,285.958099365234,263.760803222656,286.509674072266
"3240",2022-11-14,285.457977294922,268.488830566406,286.311553955078
"3241",2022-11-15,285.424499511719,268.196105957031,285.290313720703
"3242",2022-11-16,287.061187744141,265.615783691406,287.762817382812
"3243",2022-11-17,285.279327392578,263.242156982422,286.137603759766
"3244",2022-11-18,286.472808837891,262.549743652344,284.440032958984
"3245",2022-11-19,285.456634521484,268.640869140625,285.999176025391
"3246",2022-11-20,285.879760742188,263.892425537109,286.285919189453
"3247",2022-11-21,287.017974853516,263.513244628906,285.464874267578
"3248",2022-11-22,287.452087402344,264.819000244141,285.779449462891
"3249",2022-11-23,287.029937744141,264.967376708984,284.01513671875
"3250",2022-11-24,288.871124267578,264.295379638672,287.701080322266
"3251",2022-11-25,287.064788818359,264.721099853516,287.585662841797
"3252",2022-11-26,287.225677490234,263.878143310547,284.703765869141
"3253",2022-11-27,286.732696533203,265.615966796875,284.533264160156
"3254",2022-11-28,286.091186523438,267.8828125,285.878967285156
"3255",2022-11-29,286.311401367188,274.337188720703,287.2861328125
"3256",2022-11-30,286.039154052734,271.539764404297,285.640411376953
"3257",2022-12-01,285.543273925781,272.710388183594,285.081573486328
"3258",2022-12-02,288.427337646484,275.417510986328,289.441314697266
"3259",2022-12-03,287.550842285156,276.526306152344,287.523468017578
"3260",2022-12-04,287.086273193359,282.941741943359,287.679107666016
"3261",2022-12-05,288.607788085938,282.199066162109,289.171447753906
"3262",2022-12-06,288.3076171875,278.198120117188,289.251770019531
"3263",2022-12-07,287.167877197266,271.169952392578,287.794281005859
"3264",2022-12-08,285.686614990234,269.738037109375,284.7275390625
"3265",2022-12-09,284.921051025391,266.939910888672,283.174957275391
"3266",2022-12-10,284.805755615234,266.472991943359,282.691040039062
"3267",2022-12-11,286.163208007812,268.497131347656,285.296997070312
"3268",2022-12-12,286.077758789062,274.507293701172,288.191375732422
"3269",2022-12-13,281.058197021484,273.068359375,282.541442871094
"3270",2022-12-14,281.244659423828,270.410308837891,280.553985595703
"3271",2022-12-15,281.769348144531,267.898071289062,280.893096923828
"3272",2022-12-16,282.925567626953,268.142852783203,283.342559814453
"3273",2022-12-17,280.424896240234,263.998474121094,280.898406982422
"3274",2022-12-18,283.712097167969,258.866302490234,283.478668212891
"3275",2022-12-19,282.720184326172,260.310211181641,280.195037841797
"3276",2022-12-20,282.949035644531,264.399871826172,280.653564453125
"3277",2022-12-21,284.499603271484,266.089324951172,281.357818603516
"3278",2022-12-22,286.356964111328,266.801055908203,282.630340576172
"3279",2022-12-23,286.489715576172,270.42138671875,284.183197021484
"3280",2022-12-24,288.019744873047,269.624877929688,284.778350830078
"3281",2022-12-25,288.546600341797,270.570709228516,287.137817382812
"3282",2022-12-26,290.095123291016,271.070343017578,287.286499023438
"3283",2022-12-27,288.602111816406,273.001037597656,286.878631591797
"3284",2022-12-28,289.931060791016,279.366973876953,291.275695800781
"3285",2022-12-29,286.562835693359,281.945495605469,286.654937744141
"3286",2022-12-30,287.244018554688,281.865509033203,287.73388671875
"3287",2022-12-31,287.738006591797,282.376190185547,287.920074462891
"3288",2023-01-01,288.984588623047,281.194213867188,289.265045166016
"3289",2023-01-02,284.918243408203,275.601898193359,286.176605224609
"3290",2023-01-03,286.667388916016,276.25244140625,287.539916992188
"3291",2023-01-04,289.430633544922,279.740325927734,290.309722900391
"3292",2023-01-05,288.701934814453,277.831207275391,289.142120361328
"3293",2023-01-06,286.923065185547,278.352203369141,287.504791259766
"3294",2023-01-07,285.218627929688,274.397766113281,285.543243408203
"3295",2023-01-08,286.456268310547,270.381561279297,285.962097167969
"3296",2023-01-09,287.103149414062,267.994232177734,286.126800537109
"3297",2023-01-10,289.364593505859,269.796417236328,288.564727783203
"3298",2023-01-11,288.129547119141,275.368560791016,289.32763671875
"3299",2023-01-12,285.575347900391,271.484893798828,286.002258300781
"3300",2023-01-13,287.225250244141,267.831817626953,287.432342529297
"3301",2023-01-14,288.572845458984,267.387390136719,287.030578613281
"3302",2023-01-15,287.930999755859,277.425018310547,288.436248779297
"3303",2023-01-16,287.269317626953,280.292144775391,287.336761474609
"3304",2023-01-17,285.684143066406,276.101287841797,286.799041748047
"3305",2023-01-18,284.002227783203,271.893768310547,284.817596435547
"3306",2023-01-19,283.424896240234,269.543426513672,282.431671142578
"3307",2023-01-20,283.895660400391,268.56591796875,284.908905029297
"3308",2023-01-21,282.886413574219,265.565887451172,283.607971191406
"3309",2023-01-22,282.480621337891,265.579956054688,283.048919677734
"3310",2023-01-23,283.555847167969,259.711608886719,285.048065185547
"3311",2023-01-24,283.286712646484,264.325927734375,283.608581542969
"3312",2023-01-25,284.412567138672,262.107269287109,284.443634033203
"3313",2023-01-26,286.447052001953,261.034210205078,286.914276123047
"3314",2023-01-27,283.789764404297,260.492889404297,285.135711669922
"3315",2023-01-28,283.755218505859,259.06103515625,284.603240966797
"3316",2023-01-29,285.262725830078,261.629302978516,285.645477294922
"3317",2023-01-30,285.481719970703,274.713226318359,287.143829345703
"3318",2023-01-31,284.199035644531,270.849884033203,287.211853027344
"3319",2023-02-01,283.831695556641,263.553192138672,285.756286621094
"3320",2023-02-02,285.742767333984,262.017150878906,286.144439697266
"3321",2023-02-03,287.481597900391,265.437042236328,287.612976074219
"3322",2023-02-04,289.255584716797,263.800994873047,287.096221923828
"3323",2023-02-05,289.198883056641,267.541961669922,288.754364013672
"3324",2023-02-06,288.924377441406,269.198852539062,289.995483398438
"3325",2023-02-07,287.510406494141,265.554290771484,288.644409179688
"3326",2023-02-08,286.454284667969,264.011199951172,287.48828125
"3327",2023-02-09,288.436187744141,264.209411621094,287.735046386719
"3328",2023-02-10,286.671173095703,256.274383544922,288.405242919922
"3329",2023-02-11,288.455230712891,254.0478515625,289.003356933594
"3330",2023-02-12,288.427642822266,259.726470947266,289.336059570312
"3331",2023-02-13,287.001556396484,272.182342529297,289.850738525391
"3332",2023-02-14,286.909912109375,274.118713378906,288.924468994141
"3333",2023-02-15,281.746398925781,264.749572753906,284.359527587891
"3334",2023-02-16,281.720581054688,260.662322998047,282.782440185547
"3335",2023-02-17,283.761077880859,259.112030029297,284.724060058594
"3336",2023-02-18,288.084930419922,254.752029418945,289.331451416016
"3337",2023-02-19,289.149810791016,257.191864013672,290.251861572266
"3338",2023-02-20,290.282562255859,269.628448486328,291.940032958984
"3339",2023-02-21,291.86083984375,272.348205566406,293.062774658203
"3340",2023-02-22,287.517150878906,270.742523193359,290.809722900391
"3341",2023-02-23,283.596221923828,270.329315185547,285.873229980469
"3342",2023-02-24,284.463195800781,274.94970703125,286.264434814453
"3343",2023-02-25,288.595489501953,274.653198242188,289.338592529297
"3344",2023-02-26,284.348358154297,273.887481689453,288.609771728516
"3345",2023-02-27,284.077178955078,270.758697509766,286.452423095703
"3346",2023-02-28,286.551055908203,273.343292236328,288.998443603516
"3347",2023-03-01,286.149322509766,274.308288574219,288.124359130859
"3348",2023-03-02,282.671539306641,272.841278076172,285.255310058594
"3349",2023-03-03,284.535400390625,275.530395507812,286.804168701172
"3350",2023-03-04,286.024597167969,275.011169433594,287.360931396484
"3351",2023-03-05,287.819366455078,272.518859863281,289.109100341797
"3352",2023-03-06,287.772216796875,272.653839111328,290.371063232422
"3353",2023-03-07,290.233856201172,267.154083251953,292.987121582031
"3354",2023-03-08,289.291351318359,263.650146484375,291.061737060547
"3355",2023-03-09,291.457244873047,260.677764892578,292.462036132812
"3356",2023-03-10,293.808074951172,261.997100830078,295.394561767578
"3357",2023-03-11,294.768035888672,284.051177978516,297.052520751953
"3358",2023-03-12,293.931793212891,280.225311279297,296.576263427734
"3359",2023-03-13,294.650207519531,274.763458251953,297.218597412109
"3360",2023-03-14,293.729614257812,273.012664794922,295.448913574219
"3361",2023-03-15,292.34423828125,282.196807861328,294.188873291016
"3362",2023-03-16,289.13818359375,281.320587158203,291.657379150391
"3363",2023-03-17,288.111022949219,274.870880126953,290.308502197266
"3364",2023-03-18,288.773742675781,270.694976806641,290.967559814453
"3365",2023-03-19,291.850128173828,267.694244384766,293.675567626953
"3366",2023-03-20,292.020050048828,276.557342529297,293.710540771484
"3367",2023-03-21,290.623626708984,277.362548828125,292.847991943359
"3368",2023-03-22,289.462432861328,275.745483398438,292.093048095703
"3369",2023-03-23,288.479583740234,271.620178222656,292.031707763672
"3370",2023-03-24,289.603729248047,271.886657714844,293.565582275391
"3371",2023-03-25,289.852874755859,260.374755859375,293.286437988281
"3372",2023-03-26,289.177581787109,258.838653564453,292.940185546875
"3373",2023-03-27,289.080261230469,253.503173828125,292.974395751953
"3374",2023-03-28,290.192474365234,253.331527709961,293.269592285156
"3375",2023-03-29,293.006225585938,260.749908447266,295.747528076172
"3376",2023-03-30,288.880035400391,274.026824951172,293.538543701172
"3377",2023-03-31,286.832397460938,271.317962646484,291.274444580078
"3378",2023-04-01,291.783660888672,261.090179443359,295.164154052734
"3379",2023-04-02,293.538604736328,259.020172119141,296.130981445312
"3380",2023-04-03,293.394348144531,270.573455810547,296.839416503906
"3381",2023-04-04,286.533538818359,258.457672119141,291.291381835938
"3382",2023-04-05,286.394378662109,252.406387329102,289.442718505859
"3383",2023-04-06,288.409332275391,256.48876953125,292.613830566406
"3384",2023-04-07,292.231109619141,256.677703857422,294.333465576172
"3385",2023-04-08,294.499053955078,262.122619628906,297.705841064453
"3386",2023-04-09,297.694427490234,269.168579101562,299.947631835938
"3387",2023-04-10,301.145111083984,267.905120849609,302.322174072266
"3388",2023-04-11,302.015228271484,269.626525878906,304.885894775391
"3389",2023-04-12,300.897796630859,270.271575927734,304.077789306641
"3390",2023-04-13,296.493011474609,277.004119873047,301.396026611328
"3391",2023-04-14,292.898162841797,274.705200195312,298.670806884766
"3392",2023-04-15,294.785705566406,271.306884765625,299.885589599609
"3393",2023-04-16,297.823303222656,271.321380615234,302.482177734375
"3394",2023-04-17,298.981262207031,270.636322021484,302.743377685547
"3395",2023-04-18,297.741149902344,270.909454345703,302.539978027344
"3396",2023-04-19,294.670532226562,268.440368652344,299.910430908203
"3397",2023-04-20,293.344848632812,262.442962646484,296.804901123047
"3398",2023-04-21,295.986175537109,260.44677734375,299.139312744141
"3399",2023-04-22,300.481201171875,266.741241455078,302.680145263672
"3400",2023-04-23,301.242431640625,273.528015136719,304.260162353516
"3401",2023-04-24,301.198333740234,274.404724121094,305.768341064453
"3402",2023-04-25,300.777252197266,276.175628662109,305.561248779297
"3403",2023-04-26,299.074859619141,266.091583251953,303.144775390625
"3404",2023-04-27,300.898559570312,266.852874755859,303.132354736328
"3405",2023-04-28,302.769012451172,268.825225830078,305.655822753906
"3406",2023-04-29,304.936889648438,270.397644042969,307.923675537109
"3407",2023-04-30,304.592071533203,271.315032958984,308.033569335938
"3408",2023-05-01,302.738006591797,273.222290039062,306.967437744141
"3409",2023-05-02,295.048950195312,274.228607177734,301.469635009766
"3410",2023-05-03,296.508026123047,274.868682861328,301.551849365234
"3411",2023-05-04,293.814270019531,274.786407470703,299.730255126953
"3412",2023-05-05,292.409637451172,275.679565429688,298.195648193359
"3413",2023-05-06,294.391845703125,274.214660644531,299.642059326172
"3414",2023-05-07,296.399627685547,272.327972412109,301.764984130859
"3415",2023-05-08,298.731903076172,272.530364990234,303.470336914062
"3416",2023-05-09,299.762939453125,270.735443115234,304.394165039062
"3417",2023-05-10,296.09375,272.369964599609,302.208618164062
"3418",2023-05-11,297.030212402344,275.152709960938,302.724029541016
"3419",2023-05-12,300.257171630859,272.482208251953,305.137664794922
"3420",2023-05-13,303.725646972656,271.736907958984,307.157897949219
"3421",2023-05-14,304.352111816406,273.942932128906,308.239379882812
"3422",2023-05-15,304.318115234375,274.152526855469,309.013275146484
"3423",2023-05-16,305.874145507812,274.393463134766,310.987274169922
"3424",2023-05-17,304.800048828125,280.430572509766,310.541046142578
"3425",2023-05-18,304.317596435547,279.9521484375,309.209136962891
"3426",2023-05-19,302.071685791016,282.516510009766,306.778900146484
"3427",2023-05-20,302.865814208984,283.597076416016,309.130340576172
"3428",2023-05-21,304.130035400391,278.707366943359,309.677032470703
"3429",2023-05-22,304.779449462891,279.068695068359,310.365631103516
"3430",2023-05-23,303.948028564453,277.08544921875,309.197479248047
"3431",2023-05-24,303.986297607422,279.097778320312,308.99462890625
"3432",2023-05-25,303.457153320312,278.642730712891,308.989105224609
"3433",2023-05-26,301.596405029297,274.794647216797,307.368438720703
"3434",2023-05-27,300.645568847656,272.906280517578,306.105712890625
"3435",2023-05-28,302.714141845703,273.221954345703,307.624420166016
"3436",2023-05-29,302.523712158203,273.886840820312,307.587158203125
"3437",2023-05-30,301.706512451172,274.974273681641,306.866363525391
"3438",2023-05-31,299.340240478516,277.648803710938,305.783447265625
"3439",2023-06-01,299.631744384766,279.14794921875,305.42529296875
"3440",2023-06-02,301.229064941406,279.758331298828,306.973785400391
"3441",2023-06-03,302.927124023438,278.832000732422,308.500396728516
"3442",2023-06-04,305.044586181641,275.283630371094,310.114776611328
"3443",2023-06-05,305.055572509766,270.494415283203,309.513397216797
"3444",2023-06-06,302.033447265625,271.970001220703,307.392608642578
"3445",2023-06-07,300.795440673828,275.958831787109,306.065734863281
"3446",2023-06-08,301.767639160156,276.958526611328,307.30859375
"3447",2023-06-09,302.486877441406,276.730010986328,307.864196777344
"3448",2023-06-10,302.994506835938,276.330932617188,308.432525634766
"3449",2023-06-11,300.883056640625,279.065826416016,307.159210205078
"3450",2023-06-12,298.831817626953,280.095275878906,305.248504638672
"3451",2023-06-13,301.261810302734,279.380767822266,307.394561767578
"3452",2023-06-14,303.543243408203,277.475616455078,309.128234863281
"3453",2023-06-15,304.344177246094,278.413696289062,309.296356201172
"3454",2023-06-16,304.341674804688,276.950805664062,309.725799560547
"3455",2023-06-17,306.459930419922,279.168914794922,312.122772216797
"3456",2023-06-18,307.742218017578,277.345855712891,312.817535400391
"3457",2023-06-19,304.868316650391,275.549468994141,309.359619140625
"3458",2023-06-20,303.933929443359,278.927398681641,309.352874755859
"3459",2023-06-21,304.946563720703,269.596710205078,310.035003662109
"3460",2023-06-22,304.633483886719,265.114654541016,309.439636230469
"3461",2023-06-23,301.451385498047,266.829681396484,307.903930664062
"3462",2023-06-24,302.991485595703,261.757720947266,307.734100341797
"3463",2023-06-25,304.992523193359,261.652191162109,309.209838867188
"3464",2023-06-26,305.867919921875,261.463470458984,310.136291503906
"3465",2023-06-27,305.270294189453,269.537078857422,310.114532470703
"3466",2023-06-28,305.604339599609,266.249633789062,309.880249023438
"3467",2023-06-29,305.366363525391,269.562377929688,310.337524414062
"3468",2023-06-30,307.733001708984,272.594818115234,312.383636474609
"3469",2023-07-01,309.717193603516,276.197235107422,314.252960205078
"3470",2023-07-02,311.619476318359,276.463684082031,315.918731689453
"3471",2023-07-03,311.671661376953,279.656524658203,315.729614257812
"3472",2023-07-04,310.703887939453,274.859649658203,314.387939453125
"3473",2023-07-05,308.192535400391,264.740020751953,312.252136230469
"3474",2023-07-06,307.724151611328,269.427093505859,311.491912841797
"3475",2023-07-07,308.026733398438,265.305694580078,312.253540039062
"3476",2023-07-08,307.4501953125,263.605621337891,311.380645751953
"3477",2023-07-09,309.373779296875,273.581176757812,313.663970947266
"3478",2023-07-10,309.443359375,281.081726074219,314.329895019531
"3479",2023-07-11,310.292358398438,287.021392822266,316.24951171875
"3480",2023-07-12,311.597930908203,285.210418701172,316.970703125
"3481",2023-07-13,311.623321533203,284.889068603516,317.012573242188
"3482",2023-07-14,312.495758056641,283.665252685547,317.854949951172
"3483",2023-07-15,313.117156982422,284.033294677734,317.927368164062
"3484",2023-07-16,313.249633789062,287.295318603516,318.658355712891
"3485",2023-07-17,312.9111328125,288.038055419922,318.979614257812
"3486",2023-07-18,312.807220458984,286.375427246094,318.006622314453
"3487",2023-07-19,313.507598876953,284.699981689453,318.384490966797
"3488",2023-07-20,313.290496826172,284.124267578125,317.975250244141
"3489",2023-07-21,312.821624755859,282.093841552734,317.195220947266
"3490",2023-07-22,313.650421142578,282.540954589844,318.036010742188
"3491",2023-07-23,312.205078125,286.638793945312,317.034301757812
"3492",2023-07-24,311.553497314453,288.156127929688,317.228118896484
"3493",2023-07-25,313.603729248047,282.529357910156,318.54052734375
"3494",2023-07-26,313.823577880859,282.781433105469,318.093658447266
"3495",2023-07-27,312.777435302734,286.278167724609,317.559844970703
"3496",2023-07-28,312.692779541016,289.341949462891,318.327453613281
"3497",2023-07-29,310.486419677734,291.464141845703,316.038543701172
"3498",2023-07-30,311.368469238281,287.978057861328,316.263916015625
"3499",2023-07-31,308.036468505859,288.333282470703,312.355895996094
"3500",2023-08-01,308.00927734375,289.547088623047,312.924835205078
"3501",2023-08-02,308.878692626953,289.545318603516,314.603393554688
"3502",2023-08-03,310.192321777344,278.701080322266,315.311492919922
"3503",2023-08-04,309.415130615234,270.120880126953,313.698394775391
"3504",2023-08-05,309.449493408203,274.454986572266,313.676849365234
"3505",2023-08-06,310.110290527344,279.247467041016,313.953186035156
"3506",2023-08-07,311.305328369141,288.060394287109,315.886016845703
"3507",2023-08-08,310.304107666016,285.344818115234,315.192474365234
"3508",2023-08-09,309.083770751953,286.932159423828,314.109222412109
"3509",2023-08-10,309.923553466797,286.284149169922,315.0205078125
"3510",2023-08-11,308.653961181641,288.135498046875,314.462341308594
"3511",2023-08-12,308.612396240234,284.964324951172,314.127044677734
"3512",2023-08-13,308.629180908203,284.355529785156,314.181732177734
"3513",2023-08-14,308.752105712891,282.791351318359,314.024261474609
"3514",2023-08-15,310.844329833984,283.273803710938,315.128448486328
"3515",2023-08-16,309.859375,289.740814208984,314.573272705078
"3516",2023-08-17,311.211456298828,284.865234375,315.309600830078
"3517",2023-08-18,310.644989013672,286.915374755859,315.412719726562
"3518",2023-08-19,301.747650146484,292.061248779297,307.490051269531
"3519",2023-08-20,299.049346923828,293.719635009766,301.370361328125
"3520",2023-08-21,300.507171630859,292.079833984375,302.454071044922
"3521",2023-08-22,302.369964599609,290.079132080078,304.942108154297
"3522",2023-08-23,307.432098388672,284.026733398438,310.696838378906
"3523",2023-08-24,310.530212402344,281.828430175781,314.907379150391
"3524",2023-08-25,310.7431640625,281.934234619141,315.319854736328
"3525",2023-08-26,311.785125732422,279.139862060547,314.784149169922
"3526",2023-08-27,312.070281982422,275.328155517578,314.807495117188
"3527",2023-08-28,312.478729248047,277.262847900391,315.016937255859
"3528",2023-08-29,312.779754638672,276.381683349609,315.095855712891
"3529",2023-08-30,311.937713623047,284.263336181641,315.556121826172
"3530",2023-08-31,310.217620849609,289.647766113281,314.655059814453
"3531",2023-09-01,304.522186279297,292.544219970703,307.874847412109
"3532",2023-09-02,300.690704345703,294.892791748047,304.091369628906
"3533",2023-09-03,302.403350830078,294.59814453125,304.187286376953
"3534",2023-09-04,302.212738037109,289.752685546875,304.008575439453
"3535",2023-09-05,300.934692382812,284.720825195312,302.140411376953
"3536",2023-09-06,304.066375732422,283.944183349609,306.513916015625
"3537",2023-09-07,305.975311279297,280.832977294922,308.466064453125
"3538",2023-09-08,307.859069824219,281.724761962891,311.107330322266
"3539",2023-09-09,310.255859375,283.099578857422,313.008605957031
"3540",2023-09-10,310.925415039062,280.005401611328,313.063446044922
"3541",2023-09-11,305.572296142578,286.408355712891,309.191833496094
"3542",2023-09-12,306.846099853516,287.285614013672,310.399993896484
"3543",2023-09-13,305.482818603516,285.522613525391,310.082489013672
"3544",2023-09-14,305.614685058594,278.328643798828,310.069671630859
"3545",2023-09-15,306.476898193359,277.532043457031,310.637329101562
"3546",2023-09-16,307.152252197266,277.295928955078,310.515747070312
"3547",2023-09-17,305.704559326172,277.346923828125,309.616790771484
"3548",2023-09-18,304.364288330078,278.446868896484,308.485961914062
"3549",2023-09-19,303.274200439453,282.516845703125,307.271087646484
"3550",2023-09-20,303.028289794922,284.198486328125,307.019104003906
"3551",2023-09-21,300.465850830078,276.318725585938,303.894775390625
"3552",2023-09-22,300.984619140625,275.682159423828,303.998046875
"3553",2023-09-23,300.529937744141,276.747650146484,303.409484863281
"3554",2023-09-24,302.828033447266,278.374298095703,303.952850341797
"3555",2023-09-25,303.537994384766,274.856140136719,305.150054931641
"3556",2023-09-26,304.240509033203,273.564300537109,305.476196289062
"3557",2023-09-27,303.931304931641,268.327423095703,304.006317138672
"3558",2023-09-28,302.822631835938,271.846405029297,304.589233398438
"3559",2023-09-29,303.002349853516,281.060211181641,305.7216796875
"3560",2023-09-30,302.269622802734,281.010223388672,305.514251708984
"3561",2023-10-01,295.484771728516,280.649627685547,300.274627685547
"3562",2023-10-02,294.434539794922,279.080230712891,298.850036621094
"3563",2023-10-03,296.517730712891,276.077423095703,298.809600830078
"3564",2023-10-04,298.450347900391,275.827697753906,300.058197021484
"3565",2023-10-05,300.971710205078,274.984436035156,302.213226318359
"3566",2023-10-06,302.228057861328,275.052215576172,302.516662597656
"3567",2023-10-07,303.713745117188,273.868072509766,303.520477294922
"3568",2023-10-08,303.581970214844,276.374816894531,305.154510498047
"3569",2023-10-09,303.120849609375,279.242126464844,304.794769287109
"3570",2023-10-10,303.486724853516,277.876312255859,305.282623291016
"3571",2023-10-11,300.152923583984,280.885467529297,303.442047119141
"3572",2023-10-12,297.908905029297,272.464782714844,300.262298583984
"3573",2023-10-13,296.017547607422,268.473663330078,297.854095458984
"3574",2023-10-14,297.649871826172,268.655609130859,297.812103271484
"3575",2023-10-15,298.937957763672,270.236450195312,298.584686279297
"3576",2023-10-16,301.502105712891,273.901428222656,300.476654052734
"3577",2023-10-17,303.128631591797,274.216918945312,301.851654052734
"3578",2023-10-18,302.108734130859,275.951629638672,302.166473388672
"3579",2023-10-19,302.912261962891,276.670074462891,301.342803955078
"3580",2023-10-20,303.917572021484,274.002166748047,301.749847412109
"3581",2023-10-21,304.427215576172,272.080413818359,302.180999755859
"3582",2023-10-22,302.134490966797,275.488555908203,302.86474609375
"3583",2023-10-23,297.49072265625,278.860595703125,300.801727294922
"3584",2023-10-24,295.775543212891,278.152923583984,297.935821533203
"3585",2023-10-25,295.989044189453,279.570892333984,297.976928710938
"3586",2023-10-26,296.023590087891,283.966583251953,298.429046630859
"3587",2023-10-27,296.134033203125,280.809600830078,297.704559326172
"3588",2023-10-28,295.60595703125,276.876647949219,296.538909912109
"3589",2023-10-29,291.639556884766,265.267456054688,293.707672119141
"3590",2023-10-30,289.340240478516,262.541351318359,290.876953125
"3591",2023-10-31,289.616271972656,259.63330078125,289.764678955078
"3592",2023-11-01,291.044281005859,260.468780517578,291.091979980469
"3593",2023-11-02,293.359466552734,262.532928466797,291.27880859375
"3594",2023-11-03,293.93115234375,260.292449951172,291.208648681641
"3595",2023-11-04,294.488220214844,263.523986816406,291.673980712891
"3596",2023-11-05,295.288665771484,267.358489990234,292.553314208984
"3597",2023-11-06,295.040374755859,271.892852783203,293.798614501953
"3598",2023-11-07,296.614105224609,277.295288085938,296.991333007812
"3599",2023-11-08,292.305328369141,273.390808105469,293.295288085938
"3600",2023-11-09,290.623229980469,267.400848388672,291.353790283203
"3601",2023-11-10,288.968658447266,265.024536132812,289.359069824219
"3602",2023-11-11,290.660583496094,264.370635986328,288.744293212891
"3603",2023-11-12,292.010925292969,267.638458251953,290.367462158203
"3604",2023-11-13,292.305206298828,270.852447509766,291.552673339844
"3605",2023-11-14,293.962371826172,274.457427978516,293.561950683594
"3606",2023-11-15,294.294494628906,275.554168701172,293.822204589844
"3607",2023-11-16,291.486114501953,283.354949951172,293.906494140625
"3608",2023-11-17,290.092163085938,284.928497314453,290.142700195312
"3609",2023-11-18,292.200317382812,284.523620605469,293.429809570312
"3610",2023-11-19,291.9169921875,281.771087646484,292.639984130859
"3611",2023-11-20,290.596130371094,267.170227050781,291.324493408203
"3612",2023-11-21,289.572967529297,268.546600341797,290.406311035156
"3613",2023-11-22,290.379791259766,268.855865478516,289.869995117188
"3614",2023-11-23,290.351409912109,268.143524169922,288.617614746094
"3615",2023-11-24,288.939910888672,274.859771728516,289.575805664062
"3616",2023-11-25,286.704681396484,267.804534912109,287.3603515625
"3617",2023-11-26,284.9052734375,268.324859619141,285.007843017578
"3618",2023-11-27,286.226318359375,268.678863525391,287.134735107422
"3619",2023-11-28,287.290130615234,269.364044189453,287.75244140625
"3620",2023-11-29,288.470336914062,270.104034423828,287.046356201172
"3621",2023-11-30,287.05859375,274.67138671875,287.427093505859
"3622",2023-12-01,285.886871337891,279.599822998047,287.430084228516
"3623",2023-12-02,285.904144287109,272.805023193359,285.749542236328
"3624",2023-12-03,285.54443359375,272.074920654297,285.490051269531
"3625",2023-12-04,287.356262207031,271.552032470703,285.670684814453
"3626",2023-12-05,288.927978515625,272.6904296875,286.704742431641
"3627",2023-12-06,291.464782714844,272.868255615234,288.726135253906
"3628",2023-12-07,290.533416748047,274.107055664062,289.482879638672
"3629",2023-12-08,288.579681396484,273.482757568359,287.476470947266
"3630",2023-12-09,286.646270751953,262.41552734375,286.753021240234
"3631",2023-12-10,283.373260498047,259.602172851562,283.692291259766
"3632",2023-12-11,285.327728271484,260.106536865234,282.554473876953
"3633",2023-12-12,285.426391601562,263.050933837891,282.715789794922
"3634",2023-12-13,285.815216064453,266.140716552734,282.482238769531
"3635",2023-12-14,285.634887695312,270.351898193359,283.208984375
"3636",2023-12-15,286.389709472656,270.100555419922,284.01611328125
"3637",2023-12-16,287.545257568359,271.429443359375,285.354278564453
"3638",2023-12-17,287.847625732422,269.783660888672,284.340911865234
"3639",2023-12-18,287.993133544922,269.968841552734,284.875915527344
"3640",2023-12-19,287.717315673828,272.460784912109,285.512420654297
"3641",2023-12-20,289.935638427734,277.451873779297,288.640655517578
"3642",2023-12-21,290.041931152344,281.793121337891,289.700958251953
"3643",2023-12-22,289.613494873047,283.927154541016,289.677337646484
"3644",2023-12-23,286.607208251953,284.147186279297,288.248229980469
"3645",2023-12-24,285.309112548828,280.751556396484,286.095550537109
"3646",2023-12-25,283.5400390625,273.563018798828,284.126861572266
"3647",2023-12-26,283.957641601562,272.933319091797,283.225830078125
"3648",2023-12-27,284.563415527344,272.594970703125,282.745025634766
"3649",2023-12-28,284.774749755859,275.433258056641,283.139801025391
"3650",2023-12-29,285.387176513672,276.2646484375,283.685150146484
"3651",2023-12-30,285.891784667969,276.888122558594,285.089324951172
"3652",2023-12-31,285.494506835938,278.883117675781,285.862030029297
